# Sanitized geometry-only Makarov runtime mesh
v -0.00695406 -0.05755331 0.03301695
v -0.00695406 -0.05239838 0.03403091
v 0.01633922 -0.05755331 0.03301695
v 0.01633922 -0.05239838 0.03403091
v 0.01633922 -0.05755331 -0.00774392
v 0.01633922 -0.05239838 -0.00894821
v -0.00695406 -0.05755331 -0.00774392
v -0.00695406 -0.05239838 -0.00894821
v -0.00695406 -0.06216023 0.02991886
v 0.01633922 -0.06216023 0.02991886
v 0.01633922 -0.06024929 -0.00702318
v -0.00695406 -0.06024929 -0.00702318
v -0.00124099 0.01249799 0.02041074
v 0.01062615 0.01249799 0.02041074
v 0.01633922 -0.06190123 -0.00665613
v -0.00695406 -0.06190123 -0.00665613
v -0.00695406 -0.06344612 0.01528975
v 0.01633922 -0.06344612 0.01528975
v 0.01633922 -0.06344612 -0.00539675
v -0.00695406 -0.06344612 -0.00539675
v -0.00695406 -0.04975914 0.03403091
v 0.01633922 -0.04975914 0.03403091
v 0.01633922 -0.04975914 -0.00969837
v -0.00695406 -0.04975914 -0.00969837
v -0.00695406 -0.03752122 0.03152290
v 0.01633922 -0.03752122 0.03152290
v 0.01633922 -0.03752122 -0.01147488
v -0.00695406 -0.03752122 -0.01147488
v -0.00695406 -0.02498038 0.02796988
v 0.01633922 -0.02498038 0.02796988
v 0.01633922 -0.02498038 -0.01366939
v -0.00695406 -0.02498038 -0.01366939
v -0.00695406 -0.01238028 0.02337186
v 0.01633922 -0.01238028 0.02337186
v 0.01633922 -0.01238028 -0.01617741
v -0.00695406 -0.01238028 -0.01617741
v -0.00695406 -0.00892701 0.02201335
v 0.01633922 -0.00892701 0.02201335
v 0.01633922 -0.00892701 -0.01753591
v -0.00695406 -0.00892701 -0.01753591
v -0.00695406 -0.00641278 0.02081589
v 0.01633922 -0.00641278 0.02081589
v 0.01633922 -0.00641278 -0.02004392
v -0.00695406 -0.00641278 -0.02004392
v -0.00695406 -0.00386826 0.01966638
v 0.01633922 -0.00386826 0.01966638
v 0.01633922 -0.00386826 -0.02328344
v -0.00695406 -0.00386826 -0.02328344
v -0.00695406 0.00131165 0.01773980
v 0.01633922 0.00131165 0.01773980
v 0.01633922 0.00131165 -0.02521003
v -0.00695406 0.00131165 -0.02521003
v -0.00695406 0.00500726 0.01724431
v 0.01633922 0.00500726 0.01724431
v 0.01633922 0.00500726 -0.02570551
v -0.00695406 0.00500726 -0.02570551
v -0.00695406 0.00797586 0.01724431
v 0.01633922 0.00797586 0.01724431
v 0.01633922 0.00797586 -0.02602760
v -0.00695406 0.00797586 -0.02602760
v -0.00695406 0.01145943 0.01835916
v 0.01633922 0.01145943 0.01835916
v 0.01633922 0.01145943 -0.02587904
v -0.00695406 0.01145943 -0.02587904
v -0.00695406 0.01288315 0.01860690
v 0.01633922 0.01288315 0.01860690
v 0.01633922 0.01288315 -0.02563130
v -0.00695406 0.01288315 -0.02563130
v -0.00695406 0.01591234 0.01272328
v 0.01633922 0.01591234 0.01272328
v 0.01633922 0.01591234 -0.02406278
v -0.00695406 0.01591234 -0.02406278
v -0.00695406 0.01763897 0.01004289
v 0.01633922 0.01763897 0.01004289
v 0.01633922 0.01763897 -0.02204612
v -0.00695406 0.01763897 -0.02204612
v -0.00695406 0.01951707 0.00613982
v 0.01633922 0.01951707 0.00613982
v 0.01633922 0.01951707 -0.01875970
v -0.00695406 0.01951707 -0.01875970
v -0.00695406 0.02097108 0.00113551
v 0.01633922 0.02097108 0.00113551
v 0.01633922 0.02097108 -0.01472637
v -0.00695406 0.02097108 -0.01472637
v -0.00695406 0.02194042 -0.00419604
v 0.01633922 0.02194042 -0.00419604
v 0.01633922 0.02194042 -0.00942329
v -0.00695406 0.02194042 -0.00942329
v -0.00442374 -0.05854687 0.03597050
v -0.00442374 -0.05269937 0.03712068
v 0.01380889 -0.05854687 0.03597050
v 0.01380889 -0.05269937 0.03712068
v -0.00124099 0.01078053 0.02011188
v 0.01062615 0.01078053 0.02011188
v -0.00442374 -0.04944579 0.03712068
v 0.01380889 -0.04944579 0.03712068
v -0.00442374 -0.03678894 0.03452681
v 0.01380889 -0.03678894 0.03452681
v -0.00442374 -0.02402837 0.03091154
v 0.01380889 -0.02402837 0.03091154
v -0.00442374 -0.01128495 0.02626122
v 0.01380889 -0.01128495 0.02626122
v -0.00442374 -0.00769566 0.02484920
v 0.01380889 -0.00769566 0.02484920
v -0.00442374 -0.00511233 0.02361884
v 0.01380889 -0.00511233 0.02361884
v -0.00442374 -0.00269232 0.02252557
v 0.01380889 -0.00269232 0.02252557
v -0.00442374 0.00155591 0.02021442
v 0.01380889 0.00155591 0.02021442
v -0.00442374 0.00484249 0.01927493
v 0.01380889 0.00484249 0.01927493
v -0.00604275 0.00749351 0.01877615
v 0.01542790 0.00749351 0.01877615
v -0.00636502 0.01107767 0.01890296
v 0.01575018 0.01107767 0.01890296
v -0.00636502 0.01271091 0.01918716
v 0.01575018 0.01271091 0.01918716
v -0.00124099 -0.05894624 0.03715771
v -0.00124099 -0.05282035 0.03836265
v 0.01062615 -0.05894624 0.03715771
v 0.01062615 -0.05282035 0.03836265
v -0.00442374 -0.06160654 0.03447440
v 0.01380889 -0.06160654 0.03447440
v -0.00124099 -0.04931984 0.03836265
v 0.01062615 -0.04931984 0.03836265
v -0.00124099 -0.03649460 0.03573427
v 0.01062615 -0.03649460 0.03573427
v -0.00124099 -0.02364570 0.03209398
v 0.01062615 -0.02364570 0.03209398
v -0.00124099 -0.01084467 0.02742263
v 0.01062615 -0.01084467 0.02742263
v -0.00124099 -0.00720070 0.02598911
v 0.01062615 -0.00720070 0.02598911
v -0.00124099 -0.00458960 0.02474551
v 0.01062615 -0.00458960 0.02474551
v -0.00124099 -0.00221964 0.02367486
v 0.01062615 -0.00221964 0.02367486
v -0.00124099 0.00185865 0.02142691
v 0.01062615 0.00185865 0.02142691
v -0.00124099 0.00492537 0.02051690
v 0.01062615 0.00492537 0.02051690
v -0.00124099 0.00729961 0.02001812
v 0.01062615 0.00729961 0.02001812
v 0.00469258 0.02097108 0.00113551
v 0.00469258 0.02194042 -0.00419604
v 0.00469258 0.02194042 -0.00942329
v 0.00469258 0.02097108 -0.01472637
v 0.00469258 0.01951707 -0.01875970
v 0.00469258 0.01763897 -0.02204612
v 0.00469258 0.01591234 -0.02406278
v 0.00469258 0.01288315 -0.02563130
v 0.00469258 0.01145943 -0.02587904
v 0.00469258 0.00797586 -0.02602760
v 0.00469258 0.00500726 -0.02570551
v 0.00469258 0.00131165 -0.02521003
v 0.00469258 -0.00386826 -0.02328344
v 0.00469258 -0.00641278 -0.02004392
v 0.00469258 -0.00892701 -0.01753591
v 0.00469258 -0.01238028 -0.01617741
v 0.00469258 -0.02498038 -0.01366939
v 0.00469258 -0.03752122 -0.01147488
v 0.01439811 0.01591234 0.01272328
v 0.01439811 0.01288315 0.01860690
v 0.01390724 0.01271091 0.01918716
v 0.00963722 0.01249799 0.02041074
v 0.00963722 0.01078053 0.02011188
v 0.01439811 0.01763897 0.01004289
v 0.01439811 0.01951707 0.00613982
v 0.00469258 -0.06216023 0.02991886
v 0.00469258 -0.06160654 0.03447440
v 0.00469258 -0.05894624 0.03715771
v 0.00469258 -0.05282035 0.03836265
v 0.00469258 -0.04931984 0.03836265
v 0.00469258 -0.03649460 0.03573427
v 0.00469258 -0.02364570 0.03209398
v 0.00469258 -0.01084467 0.02742263
v 0.00469258 -0.00720070 0.02598911
v 0.00469258 -0.00458960 0.02474551
v 0.00469258 -0.00221964 0.02367486
v 0.00469258 0.00185865 0.02142691
v 0.00469258 0.00492537 0.02051690
v 0.00469258 0.00729961 0.02001812
v 0.00469258 0.01078053 0.02011188
v 0.00469258 0.01249799 0.02041074
v 0.00469258 0.01271091 0.01918716
v 0.00469258 0.01288315 0.01860690
v 0.00469258 0.01591234 0.01272328
v 0.00469258 0.01763897 0.01004289
v 0.00469258 0.01951707 0.00613982
v -0.00501296 0.02097108 0.00113551
v -0.00501296 0.01951707 0.00613982
v -0.00501296 0.01763897 0.01004289
v -0.00501296 0.01591234 0.01272328
v -0.00501296 0.01288315 0.01860690
v -0.00452209 0.01271091 0.01918716
v -0.00025207 0.01249799 0.02041074
v -0.00025207 0.01078053 0.02011188
v -0.00025207 0.00729961 0.02001812
v -0.00025207 0.00492537 0.02051690
v -0.00025207 0.00185865 0.02142691
v -0.00025207 -0.00221964 0.02367486
v -0.00025207 -0.00458960 0.02474551
v -0.00025207 -0.00720070 0.02598911
v -0.00025207 -0.01084467 0.02742263
v -0.00025207 -0.02364570 0.03209398
v -0.00025207 -0.03649460 0.03573427
v -0.00025207 -0.04931984 0.03836265
v -0.00025207 -0.05282035 0.03836265
v -0.00025207 -0.05894624 0.03715771
v -0.00290435 -0.06160654 0.03447440
v -0.00501296 -0.06216023 0.02991886
v -0.00501296 -0.06344612 0.01528975
v -0.00501296 -0.06344612 -0.00539675
v -0.00501296 -0.06190123 -0.00665613
v -0.00501296 -0.06024929 -0.00702318
v -0.00501296 -0.05755331 -0.00774392
v -0.00501296 -0.05239838 -0.00894821
v -0.00501296 -0.04975914 -0.00969837
v -0.00501296 -0.03752122 -0.01147488
v -0.00501296 -0.02498038 -0.01366939
v -0.00501296 -0.01238028 -0.01617741
v -0.00501296 -0.00892701 -0.01753591
v -0.00501296 -0.00641278 -0.02004392
v -0.00501296 -0.00386826 -0.02328344
v -0.00501296 0.00131165 -0.02521003
v -0.00501296 0.00500726 -0.02570551
v -0.00501296 0.00797586 -0.02602760
v -0.00501296 0.01145943 -0.02587904
v -0.00501296 0.01288315 -0.02563130
v -0.00501296 0.01591234 -0.02406278
v -0.00501296 0.01763897 -0.02204612
v -0.00501296 0.01951707 -0.01875970
v -0.00501296 0.02097108 -0.01472637
v -0.00501296 0.02194042 -0.00942329
v -0.00501296 0.02194042 -0.00419604
v 0.01439811 0.02097108 0.00113551
v 0.01439811 0.02194042 -0.00419604
v 0.01439811 0.02194042 -0.00942329
v 0.01439811 0.02097108 -0.01472637
v 0.01439811 0.01951707 -0.01875970
v 0.01439811 0.01763897 -0.02204612
v 0.01439811 0.01591234 -0.02406278
v 0.01439811 0.01288315 -0.02563130
v 0.01439811 0.01145943 -0.02587904
v 0.01439811 0.00797586 -0.02602760
v 0.01439811 0.00500726 -0.02570551
v 0.01439811 0.00131165 -0.02521003
v 0.01439811 -0.00386826 -0.02328344
v 0.01439811 -0.00641278 -0.02004392
v 0.01439811 -0.00892701 -0.01753591
v 0.01439811 -0.01238028 -0.01617741
v 0.01439811 -0.02498038 -0.01366939
v 0.01439811 -0.03752122 -0.01147488
v 0.01439811 -0.04975914 -0.00969837
v 0.01439811 -0.05239838 -0.00894821
v 0.01439811 -0.05755331 -0.00774392
v 0.01439811 -0.06024929 -0.00702318
v 0.01439811 -0.06190123 -0.00665613
v 0.01439811 -0.06344612 -0.00539675
v 0.01439811 -0.06344612 0.01528975
v 0.01439811 -0.06216023 0.02991886
v 0.01228950 -0.06160654 0.03447440
v 0.00963722 -0.05894624 0.03715771
v 0.00963722 -0.05282035 0.03836265
v 0.00963722 -0.04931984 0.03836265
v 0.00963722 -0.03649460 0.03573427
v 0.00963722 -0.02364570 0.03209398
v 0.00963722 -0.01084467 0.02742263
v 0.00963722 -0.00720070 0.02598911
v 0.00963722 -0.00458960 0.02474551
v 0.00963722 -0.00221964 0.02367486
v 0.00963722 0.00185865 0.02142691
v 0.00963722 0.00492537 0.02051690
v 0.00963722 0.00729961 0.02001812
v -0.00580357 0.01935668 -0.02056255
v -0.00580357 0.02935482 -0.02116002
v -0.00547617 0.01935668 -0.02056255
v -0.00547617 0.02935482 -0.02116002
v -0.00547617 0.01935668 -0.03331943
v -0.00547617 0.02935482 -0.03272197
v -0.00580357 0.01935668 -0.03331943
v -0.00580357 0.02935482 -0.03272197
v -0.00547617 0.02409706 -0.02056255
v -0.00547617 0.02409706 -0.03331943
v -0.00580357 0.02409706 -0.03331943
v -0.00580357 0.02409706 -0.02056255
v -0.00700602 0.01997682 -0.02106352
v -0.00700602 0.01997682 -0.03281846
v -0.00700602 0.02347691 -0.03281846
v -0.00700602 0.02347691 -0.02106352
v -0.00568061 0.02962570 -0.02116002
v -0.00541242 0.02943791 -0.02116002
v -0.00541242 0.02943791 -0.03272197
v -0.00568061 0.02962570 -0.03272197
v -0.00542866 0.02977671 -0.02119210
v -0.00529030 0.02947998 -0.02119210
v -0.00529030 0.02947998 -0.03275405
v -0.00542866 0.02977671 -0.03275405
v -0.00405312 0.02976484 -0.02119210
v -0.00391476 0.02946811 -0.02119210
v -0.00391476 0.02946811 -0.03275405
v -0.00405312 0.02976484 -0.03275405
v -0.00580357 0.02172687 -0.03361395
v -0.00700602 0.02172687 -0.03308985
v -0.00700602 0.02172687 -0.02079214
v -0.00580357 0.02172687 -0.02026804
v -0.00800601 0.02097682 -0.02192040
v -0.00800601 0.02097682 -0.03196159
v -0.00800601 0.02247691 -0.03196159
v -0.00800601 0.02247691 -0.02192040
v -0.00800601 0.02172687 -0.03207790
v -0.00800601 0.02172687 -0.02180409
v -0.00771312 0.02026971 -0.03256749
v -0.00771312 0.02172687 -0.03279345
v -0.00771312 0.02172687 -0.02108853
v -0.00771312 0.02026971 -0.02131449
v -0.00771312 0.02318402 -0.03256749
v -0.00771312 0.02318402 -0.02131449
v -0.00532026 0.02922163 0.03588434
v -0.00532026 0.03053505 0.03588434
v 0.01470542 0.02922163 0.03588434
v 0.01470542 0.03053505 0.03588434
v 0.01470542 0.02922163 -0.09063899
v 0.01470542 0.03053505 -0.09063899
v -0.00532026 0.02922163 -0.09063899
v -0.00532026 0.03053505 -0.09063899
v -0.00532026 0.02522310 0.03588434
v 0.01470542 0.02522310 0.03588434
v 0.01470542 0.02522310 -0.05212158
v -0.00532026 0.02522310 -0.05212158
v -0.00532026 0.02443551 0.03526370
v 0.01470542 0.02443551 0.03526370
v 0.01470542 0.02443551 -0.04629999
v -0.00532026 0.02443551 -0.04629999
v -0.00532026 0.02379938 0.03448789
v 0.01470542 0.02379938 0.03448789
v 0.01470542 0.02379938 -0.04193380
v -0.00532026 0.02379938 -0.04193380
v -0.00532026 0.02325795 0.03061169
v 0.01470542 0.02325795 0.03061169
v 0.01470542 0.02246654 -0.03839023
v -0.00532026 0.02246654 -0.03839023
v -0.00532026 0.02131260 0.02416563
v 0.01470542 0.02131260 0.02416563
v 0.01470542 0.02025523 -0.03457360
v -0.00532026 0.02025523 -0.03457360
v -0.00532026 0.01743808 0.02009737
v 0.01470542 0.01743808 0.02009737
v 0.01470542 0.01743808 -0.03189877
v -0.00532026 0.01743808 -0.03189877
v -0.00532026 0.01413627 0.01934962
v 0.01470542 0.01413627 0.01934962
v 0.01470542 0.01413627 -0.02976881
v -0.00532026 0.01413627 -0.02976881
v -0.00532026 0.01788795 -0.03232591
v -0.00532026 0.01788795 0.02038094
v 0.01470542 0.01788795 0.02038094
v 0.01470542 0.01788795 -0.03232591
v -0.00532026 0.00805729 0.01700326
v 0.01470542 0.00805729 0.01700326
v 0.01470542 0.00805729 -0.02815129
v -0.00532026 0.00805729 -0.02815129
v -0.00532026 -0.00057531 0.01817964
v 0.01470542 -0.00057531 0.01817964
v 0.01470542 -0.00057531 -0.02697491
v -0.00532026 -0.00057531 -0.02697491
v -0.00532026 -0.00417622 0.01891488
v 0.01470542 -0.00417622 0.01891488
v 0.01470542 -0.00417622 -0.02623967
v -0.00532026 -0.00417622 -0.02623967
v -0.00532026 -0.00502440 0.01970944
v 0.01470542 -0.00502440 0.01970944
v 0.01470542 -0.00502440 -0.02544510
v -0.00532026 -0.00502440 -0.02544510
v -0.00532026 -0.00841529 0.02092877
v 0.01470542 -0.00841529 0.02092877
v 0.01470542 -0.00841529 -0.02014799
v -0.00532026 -0.00841529 -0.02014799
v -0.00532026 -0.01103877 0.02270528
v 0.01470542 -0.01103877 0.02270528
v 0.01470542 -0.01103877 -0.01837148
v -0.00532026 -0.01103877 -0.01837148
v -0.00532026 -0.06333571 0.03033622
v 0.01470542 -0.06333571 0.03033622
v 0.01470542 -0.06419885 -0.00785989
v -0.00532026 -0.06419885 -0.00785989
v 0.01383531 0.02922163 -0.09224446
v 0.01383531 0.03053505 -0.09224446
v -0.00445016 0.02922163 -0.09224446
v -0.00445016 0.03053505 -0.09224446
v 0.01191335 0.02922163 -0.09333497
v 0.01191335 0.03053505 -0.09333497
v -0.00252820 0.02922163 -0.09333497
v -0.00252820 0.03053505 -0.09333497
v 0.00899371 0.02922163 -0.09403168
v 0.00899371 0.03053505 -0.09403168
v 0.00039145 0.02922163 -0.09403168
v 0.00039145 0.03053505 -0.09403168
v 0.01157317 0.02712201 -0.09038086
v -0.00218801 0.02712201 -0.09038086
v 0.01157317 0.02314748 -0.05236966
v -0.00218801 0.02314748 -0.05236966
v 0.01157317 0.02236567 -0.04659078
v -0.00218801 0.02236567 -0.04659078
v 0.01157317 0.02176361 -0.04245843
v -0.00218801 0.02176361 -0.04245843
v 0.01157317 0.02057118 -0.03928818
v -0.00218801 0.02057118 -0.03928818
v 0.01157317 0.01859768 -0.03588200
v -0.00218801 0.01859768 -0.03588200
v 0.01157317 0.01614072 -0.03354916
v -0.00218801 0.01614072 -0.03354916
v 0.01157317 0.01328025 -0.03170391
v -0.00218801 0.01328025 -0.03170391
v -0.00218801 0.01644878 -0.03384165
v 0.01157317 0.01644878 -0.03384165
v 0.01157317 0.00764586 -0.03020468
v -0.00218801 0.00764586 -0.03020468
v 0.01157317 -0.00092587 -0.02903659
v -0.00218801 -0.00092587 -0.02903659
v 0.01157317 -0.00517368 -0.02816927
v -0.00218801 -0.00517368 -0.02816927
v 0.01157317 -0.00664395 -0.02679193
v -0.00218801 -0.00664395 -0.02679193
v 0.01157317 -0.00994360 -0.02163735
v -0.00218801 -0.00994360 -0.02163735
v 0.01157317 -0.01184504 -0.02034978
v -0.00218801 -0.01184504 -0.02034978
v 0.01157317 -0.06251370 -0.01028839
v -0.00218801 -0.06251370 -0.01028839
v 0.01117266 0.02712164 -0.09101166
v -0.00178751 0.02712164 -0.09101166
v 0.01032009 0.02713149 -0.09149540
v -0.00093494 0.02713149 -0.09149540
v 0.00845050 0.02713149 -0.09194154
v 0.00093466 0.02713149 -0.09194154
v 0.01378800 0.02375541 -0.05229700
v 0.01378800 0.02774482 -0.09060800
v -0.00440285 0.02774482 -0.09060800
v -0.00440285 0.02375541 -0.05229700
v 0.01378800 0.02297191 -0.04650561
v -0.00440285 0.02297191 -0.04650561
v 0.01378800 0.02235987 -0.04230477
v -0.00440285 0.02235987 -0.04230477
v 0.01378800 0.02112632 -0.03902518
v -0.00440285 0.02112632 -0.03902518
v 0.01378800 0.01908316 -0.03549878
v -0.00440285 0.01908316 -0.03549878
v 0.01378800 0.01652071 -0.03306577
v 0.01378800 0.01687030 -0.03339770
v -0.00440285 0.01687030 -0.03339770
v -0.00440285 0.01652071 -0.03306577
v 0.01378800 0.01353097 -0.03113713
v -0.00440285 0.01353097 -0.03113713
v 0.01378800 0.00776636 -0.02960325
v -0.00440285 0.00776636 -0.02960325
v 0.01378800 -0.00082319 -0.02843274
v -0.00440285 -0.00082319 -0.02843274
v 0.01378800 -0.00488153 -0.02760410
v -0.00440285 -0.00488153 -0.02760410
v 0.01378800 -0.00616959 -0.02639745
v -0.00440285 -0.00616959 -0.02639745
v 0.01378800 -0.00949597 -0.02120112
v -0.00440285 -0.00949597 -0.02120112
v 0.01378800 -0.01160889 -0.01977035
v -0.00440285 -0.01160889 -0.01977035
v 0.01378800 -0.06385924 -0.00942315
v -0.00440285 -0.06385924 -0.00942315
v -0.00367029 0.02773672 -0.09188339
v 0.01305544 0.02773672 -0.09188339
v -0.00206154 0.02774367 -0.09279618
v 0.01144670 0.02774367 -0.09279618
v 0.00055055 0.02774367 -0.09341950
v 0.00883461 0.02774367 -0.09341950
v -0.00025102 0.02352497 -0.06596371
v -0.00025102 0.02508103 -0.06369268
v 0.00963617 0.02352497 -0.06596371
v 0.00963617 0.02508103 -0.06369268
v 0.00963617 0.02435574 -0.07357283
v 0.00963617 0.02629443 -0.07480633
v -0.00025102 0.02435574 -0.07357283
v -0.00025102 0.02629443 -0.07480633
v -0.00025102 0.02144174 -0.06829755
v 0.00963617 0.02144174 -0.06829755
v 0.00963617 0.02192835 -0.07275452
v -0.00025102 0.02192835 -0.07275452
v -0.00025102 0.01903623 -0.07093844
v 0.00963617 0.01903623 -0.07093844
v 0.00963617 0.01922261 -0.07264544
v -0.00025102 0.01922261 -0.07264544
v -0.00025102 0.01607847 -0.07224536
v 0.00963617 0.01607847 -0.07224536
v 0.00963617 0.01622692 -0.07360505
v -0.00025102 0.01622692 -0.07360505
v -0.00025102 0.01375085 -0.07279123
v 0.00963617 0.01375085 -0.07279123
v 0.00963617 0.01389930 -0.07415091
v -0.00025102 0.01389930 -0.07415091
v -0.00025102 0.01052910 -0.07298060
v 0.00963617 0.01052910 -0.07298060
v 0.00963617 0.01067755 -0.07434029
v -0.00025102 0.01067755 -0.07434029
v -0.00025102 0.00720439 -0.07230030
v 0.00963617 0.00720439 -0.07230030
v 0.00963617 0.00714637 -0.07366684
v -0.00025102 0.00714637 -0.07366684
v -0.00025102 0.00527521 -0.07134677
v 0.00963617 0.00527521 -0.07134677
v 0.00963617 0.00470287 -0.07258902
v -0.00025102 0.00470287 -0.07258902
v -0.00025102 0.00250325 -0.06906756
v 0.00963617 0.00250325 -0.06906756
v 0.00963617 0.00144130 -0.06992956
v -0.00025102 0.00144130 -0.06992956
v -0.00025102 0.00059320 -0.06620394
v 0.00963617 0.00059320 -0.06620394
v 0.00963617 -0.00071664 -0.06659774
v -0.00025102 -0.00071664 -0.06659774
v -0.00025102 -0.00083245 -0.06146198
v 0.00963617 -0.00083245 -0.06146198
v 0.00963617 -0.00214230 -0.06185579
v -0.00025102 -0.00214230 -0.06185579
v -0.00025102 -0.00164111 -0.05657673
v 0.00963617 -0.00164111 -0.05657673
v 0.00963617 -0.00299608 -0.05676332
v -0.00025102 -0.00299608 -0.05676332
v -0.00025102 -0.00267338 -0.04934776
v 0.00963617 -0.00267338 -0.04934776
v 0.00963617 -0.00402836 -0.04953435
v -0.00025102 -0.00402836 -0.04953435
v -0.00025102 -0.00271320 -0.04463459
v 0.00963617 -0.00271320 -0.04463459
v 0.00963617 -0.00427320 -0.04445343
v -0.00025102 -0.00427320 -0.04445343
v -0.00025102 -0.00192114 -0.04029430
v 0.00963617 -0.00192114 -0.04029430
v 0.00963617 -0.00339758 -0.03986263
v -0.00025102 -0.00339758 -0.03986263
v -0.00025102 0.00068892 -0.03616361
v 0.00963617 0.00068892 -0.03616361
v 0.00963617 -0.00102258 -0.03553070
v -0.00025102 -0.00102258 -0.03553070
v -0.00025102 0.00232016 -0.03378407
v 0.00963617 0.00232016 -0.03378407
v 0.00963617 -0.00002177 -0.03177018
v -0.00025102 -0.00002177 -0.03177018
v -0.00025102 0.00454052 -0.03193132
v 0.00963617 0.00454052 -0.03193132
v 0.00963617 -0.00029922 -0.02998140
v -0.00025102 -0.00029922 -0.02998140
v -0.00025102 0.00766562 -0.02958873
v 0.00963617 0.00766562 -0.02958873
v 0.00963617 -0.00125763 -0.02744863
v -0.00025102 -0.00125763 -0.02744863
v -0.00078059 0.00192438 -0.03128945
v 0.01016575 0.00192438 -0.03128945
v -0.00078059 0.00082006 -0.03128945
v 0.01016575 0.00082006 -0.03128945
v -0.00078059 0.00103097 -0.03193855
v 0.01016575 0.00103097 -0.03193855
v -0.00078059 0.00158313 -0.03233972
v 0.01016575 0.00158313 -0.03233972
v -0.00078059 0.00226563 -0.03233972
v 0.01016575 0.00226563 -0.03233972
v -0.00078059 0.00281779 -0.03193855
v 0.01016575 0.00281779 -0.03193855
v -0.00078059 0.00302870 -0.03128945
v 0.01016575 0.00302870 -0.03128945
v -0.00078059 0.00281779 -0.03064034
v 0.01016575 0.00281779 -0.03064034
v -0.00078059 0.00226563 -0.03023918
v 0.01016575 0.00226563 -0.03023918
v -0.00078059 0.00158313 -0.03023918
v 0.01016575 0.00158313 -0.03023918
v -0.00078059 0.00103097 -0.03064034
v 0.01016575 0.00103097 -0.03064034
v -0.00422975 -0.06336035 0.02924599
v 0.01361491 -0.06336035 0.02924599
v 0.01361491 -0.06417422 -0.00676966
v -0.00422975 -0.06417422 -0.00676966
v -0.00422975 0.02637170 0.01060445
v 0.01361491 0.02637170 0.01060445
v 0.01361491 0.02555783 -0.02541120
v -0.00422975 0.02555783 -0.02541120
v 0.00469258 0.04735646 -0.06447758
v 0.00469258 0.04735646 -0.04784978
v 0.00971613 0.04735646 -0.03316801
v 0.00971613 0.04735646 -0.12973638
v 0.00933373 0.04543403 -0.03316801
v 0.00933373 0.04543403 -0.12973638
v 0.00824476 0.04380427 -0.03316801
v 0.00824476 0.04380427 -0.12973638
v 0.00661501 0.04271530 -0.03316801
v 0.00661501 0.04271530 -0.12973638
v 0.00469258 0.04233291 -0.03316801
v 0.00469258 0.04233291 -0.12973638
v 0.00277015 0.04271530 -0.03316801
v 0.00277015 0.04271530 -0.12973638
v 0.00114039 0.04380427 -0.03316801
v 0.00114039 0.04380427 -0.12973638
v 0.00005142 0.04543403 -0.03316801
v 0.00005142 0.04543403 -0.12973638
v -0.00033097 0.04735646 -0.03316801
v -0.00033097 0.04735646 -0.12973638
v 0.00005142 0.04927889 -0.03316801
v 0.00005142 0.04927889 -0.12973638
v 0.00114039 0.05090865 -0.03316801
v 0.00114039 0.05090865 -0.12973638
v 0.00277015 0.05199762 -0.03316801
v 0.00277015 0.05199762 -0.12973638
v 0.00469258 0.05238001 -0.03316801
v 0.00469258 0.05238001 -0.12973638
v 0.00661501 0.05199762 -0.03316801
v 0.00661501 0.05199762 -0.12973638
v 0.00824476 0.05090865 -0.03316801
v 0.00824476 0.05090865 -0.12973638
v 0.00933373 0.04927889 -0.03316801
v 0.00933373 0.04927889 -0.12973638
v 0.00876117 0.04735646 -0.12973638
v 0.00845146 0.04579948 -0.12973638
v 0.00756950 0.04447953 -0.12973638
v 0.00624956 0.04359757 -0.12973638
v 0.00469258 0.04328787 -0.12973638
v 0.00313560 0.04359757 -0.12973638
v 0.00181565 0.04447953 -0.12973638
v 0.00093369 0.04579948 -0.12973638
v 0.00062399 0.04735646 -0.12973638
v 0.00093369 0.04891344 -0.12973638
v 0.00181565 0.05023339 -0.12973638
v 0.00313560 0.05111535 -0.12973638
v 0.00469258 0.05142505 -0.12973638
v 0.00624956 0.05111535 -0.12973638
v 0.00756950 0.05023339 -0.12973638
v 0.00845146 0.04891344 -0.12973638
v 0.00935100 0.04735646 -0.13009450
v 0.00899639 0.04557376 -0.13009450
v 0.00798658 0.04406246 -0.13009450
v 0.00647528 0.04305264 -0.13009450
v 0.00469258 0.04269804 -0.13009450
v 0.00290988 0.04305264 -0.13009450
v 0.00139858 0.04406246 -0.13009450
v 0.00038876 0.04557376 -0.13009450
v 0.00003416 0.04735646 -0.13009450
v 0.00038876 0.04913916 -0.13009450
v 0.00139858 0.05065046 -0.13009450
v 0.00290988 0.05166028 -0.13009450
v 0.00469258 0.05201488 -0.13009450
v 0.00647528 0.05166028 -0.13009450
v 0.00798658 0.05065046 -0.13009450
v 0.00899639 0.04913916 -0.13009450
v 0.00912630 0.04735646 -0.13009450
v 0.00878880 0.04565975 -0.13009450
v 0.00782769 0.04422135 -0.13009450
v 0.00638929 0.04326024 -0.13009450
v 0.00469258 0.04292274 -0.13009450
v 0.00299587 0.04326024 -0.13009450
v 0.00155746 0.04422135 -0.13009450
v 0.00059635 0.04565975 -0.13009450
v 0.00025886 0.04735646 -0.13009450
v 0.00059635 0.04905317 -0.13009450
v 0.00155746 0.05049157 -0.13009450
v 0.00299587 0.05145268 -0.13009450
v 0.00469258 0.05179018 -0.13009450
v 0.00638929 0.05145268 -0.13009450
v 0.00782769 0.05049157 -0.13009450
v 0.00878880 0.04905317 -0.13009450
v 0.00876117 0.04735646 -0.04784978
v 0.00845146 0.04579948 -0.04784978
v 0.00756950 0.04447953 -0.04784978
v 0.00624956 0.04359757 -0.04784978
v 0.00469258 0.04328787 -0.04784978
v 0.00313560 0.04359757 -0.04784978
v 0.00181565 0.04447953 -0.04784978
v 0.00093369 0.04579948 -0.04784978
v 0.00062399 0.04735646 -0.04784978
v 0.00093369 0.04891344 -0.04784978
v 0.00181565 0.05023339 -0.04784978
v 0.00313560 0.05111535 -0.04784978
v 0.00469258 0.05142505 -0.04784978
v 0.00624956 0.05111535 -0.04784978
v 0.00756950 0.05023339 -0.04784978
v 0.00845146 0.04891344 -0.04784978
v 0.00114039 0.04380427 -0.05740589
v 0.00005142 0.04543403 -0.05740589
v -0.00033097 0.04735646 -0.05740589
v 0.00005142 0.04927889 -0.05740589
v 0.00114039 0.05090865 -0.05740589
v 0.00277015 0.05199762 -0.05740589
v 0.00469258 0.05238001 -0.05740589
v 0.00661501 0.05199762 -0.05740589
v 0.00824476 0.05090865 -0.05740589
v 0.00933373 0.04927889 -0.05740589
v 0.00971613 0.04735646 -0.05740589
v 0.00933373 0.04543403 -0.05740589
v 0.00824476 0.04380427 -0.05740589
v 0.00661501 0.04271530 -0.05740589
v 0.00469258 0.04233291 -0.05740589
v 0.00277015 0.04271530 -0.05740589
v 0.01353779 0.04735646 -0.03316801
v 0.01288973 0.04409845 -0.03316801
v 0.01104421 0.04133644 -0.03316801
v 0.00828221 0.03949092 -0.03316801
v 0.00502419 0.03884287 -0.03316801
v 0.00176618 0.03949092 -0.03316801
v -0.00099583 0.04133644 -0.03316801
v -0.00284134 0.04409845 -0.03316801
v -0.00348940 0.04735646 -0.03316801
v -0.00284134 0.05061447 -0.03316801
v -0.00099583 0.05337648 -0.03316801
v 0.00176618 0.05522200 -0.03316801
v 0.00549482 0.05640490 -0.03316801
v 0.00875284 0.05575684 -0.03316801
v 0.01154871 0.05391133 -0.03316801
v 0.01302466 0.05061447 -0.03316801
v -0.00099583 0.04133644 -0.05740589
v -0.00284134 0.04409845 -0.05740589
v -0.00348940 0.04735646 -0.05740589
v -0.00284134 0.05061447 -0.05740589
v -0.00099583 0.05337648 -0.05740589
v 0.00176618 0.05522200 -0.05740589
v 0.00549482 0.05640490 -0.05740589
v 0.00875284 0.05575684 -0.05740589
v 0.01154871 0.05391133 -0.05740589
v 0.01302466 0.05061447 -0.05740589
v 0.01353779 0.04735646 -0.05740589
v 0.01288973 0.04409845 -0.05740589
v 0.01104421 0.04133644 -0.05740589
v 0.00828221 0.03949092 -0.05740589
v 0.00502419 0.03884287 -0.05740589
v 0.00176618 0.03949092 -0.05740589
v 0.00933373 0.04927889 -0.06447758
v 0.00824476 0.05090865 -0.06447758
v 0.00661501 0.05199762 -0.06447758
v 0.00469258 0.05238001 -0.06447758
v 0.00277015 0.05199762 -0.06447758
v 0.00114039 0.05090865 -0.06447758
v 0.00005142 0.04927889 -0.06447758
v -0.00033097 0.04735646 -0.06447758
v 0.00005142 0.04543403 -0.06447758
v 0.00114039 0.04380427 -0.06447758
v 0.00277015 0.04271530 -0.06447758
v 0.00469258 0.04233291 -0.06447758
v 0.00661501 0.04271530 -0.06447758
v 0.00824476 0.04380427 -0.06447758
v 0.00933373 0.04543403 -0.06447758
v 0.00971613 0.04735646 -0.06447758
v 0.00469258 0.04735646 -0.06574681
v 0.00933373 0.04927889 -0.06574681
v 0.00824476 0.05090865 -0.06574681
v 0.00661501 0.05199762 -0.06574681
v 0.00469258 0.05238001 -0.06574681
v 0.00277015 0.05199762 -0.06574681
v 0.00114039 0.05090865 -0.06574681
v 0.00005142 0.04927889 -0.06574681
v -0.00033097 0.04735646 -0.06574681
v 0.00005142 0.04543403 -0.06574681
v 0.00114039 0.04380427 -0.06574681
v 0.00277015 0.04271530 -0.06574681
v 0.00469258 0.04233291 -0.06574681
v 0.00661501 0.04271530 -0.06574681
v 0.00824476 0.04380427 -0.06574681
v 0.00933373 0.04543403 -0.06574681
v 0.00971613 0.04735646 -0.06574681
v 0.00187998 0.02775746 -0.04193778
v 0.00187998 0.01875124 -0.04248166
v 0.00187998 0.02775746 -0.05273891
v 0.00187998 0.01875124 -0.04784954
v 0.00187998 0.01657744 -0.04666065
v 0.00187998 0.01657744 -0.04226599
v 0.00187998 0.01361814 -0.04555403
v 0.00187998 0.01361814 -0.04192549
v 0.00187998 0.01032256 -0.04534122
v 0.00187998 0.01032256 -0.04213831
v 0.00187998 0.00732122 -0.04619247
v 0.00187998 0.00732122 -0.04354286
v 0.00187998 0.00389953 -0.04891645
v 0.00187998 0.00389953 -0.04669247
v 0.00187998 0.00275482 -0.04964001
v 0.00187998 0.00258073 -0.04913754
v 0.00800368 0.02775746 -0.04193778
v 0.00800368 0.01875124 -0.04248166
v 0.00800368 0.02775746 -0.05273891
v 0.00800368 0.01875124 -0.04784954
v 0.00800368 0.01657744 -0.04666065
v 0.00800368 0.01657744 -0.04226599
v 0.00800368 0.01361814 -0.04555403
v 0.00800368 0.01361814 -0.04192549
v 0.00800368 0.01032256 -0.04534122
v 0.00800368 0.01032256 -0.04213831
v 0.00800368 0.00732122 -0.04619247
v 0.00800368 0.00732122 -0.04354286
v 0.00800368 0.00389953 -0.04891645
v 0.00800368 0.00389953 -0.04669247
v 0.00800368 0.00275482 -0.04964001
v 0.00800368 0.00258073 -0.04913754
v 0.00382298 0.05755027 -0.12175549
v 0.00382298 0.06017973 -0.12175549
v 0.00556218 0.05755027 -0.12175549
v 0.00556218 0.06017973 -0.12175549
v 0.00556218 0.05755027 -0.12767403
v 0.00556218 0.05832146 -0.12767403
v 0.00382298 0.05755027 -0.12767403
v 0.00382298 0.05832146 -0.12767403
v 0.00382298 0.06004861 -0.12422685
v 0.00382298 0.05755027 -0.12422685
v 0.00556218 0.05755027 -0.12422685
v 0.00556218 0.06004861 -0.12422685
v 0.00382298 0.05979965 -0.12576830
v 0.00382298 0.05755027 -0.12576830
v 0.00556218 0.05755027 -0.12576830
v 0.00556218 0.05979965 -0.12576830
v 0.00382298 0.05944178 -0.12658265
v 0.00382298 0.05755027 -0.12658265
v 0.00556218 0.05755027 -0.12658265
v 0.00556218 0.05944178 -0.12658265
v 0.00382298 0.05889718 -0.12725158
v 0.00382298 0.05755027 -0.12725158
v 0.00556218 0.05755027 -0.12725158
v 0.00556218 0.05889718 -0.12725158
v 0.00382298 0.05755027 -0.12147984
v 0.00382298 0.06003291 -0.12147984
v 0.00556218 0.05755027 -0.12147984
v 0.00556218 0.06003291 -0.12147984
v 0.00382298 0.05755027 -0.12117994
v 0.00382298 0.05953904 -0.12117994
v 0.00556218 0.05755027 -0.12117994
v 0.00556218 0.05953904 -0.12117994
v 0.00382298 0.05755027 -0.12095881
v 0.00382298 0.05807081 -0.12095881
v 0.00556218 0.05755027 -0.12095881
v 0.00556218 0.05807081 -0.12095881
v -0.00024579 0.05580989 0.01566637
v 0.00006355 0.05825912 0.01455492
v 0.00963095 0.05580989 0.01566637
v 0.00932160 0.05825912 0.01455492
v 0.00963095 0.05580989 0.00953903
v 0.00932160 0.05825912 0.01065048
v -0.00024579 0.05580989 0.00953903
v 0.00006355 0.05825912 0.01065048
v -0.00024579 0.05580989 0.01260270
v 0.00963095 0.05580989 0.01260270
v 0.00932160 0.05825912 0.01260270
v 0.00006355 0.05825912 0.01260270
v -0.00024579 0.05580989 0.01107086
v 0.00963095 0.05580989 0.01107086
v 0.00932160 0.05825912 0.01162659
v 0.00006355 0.05825912 0.01162659
v -0.00024579 0.05580989 0.01413454
v 0.00963095 0.05580989 0.01413454
v 0.00932160 0.05825912 0.01357881
v 0.00006355 0.05825912 0.01357881
v 0.00932160 0.06037739 0.01260270
v 0.00006355 0.06037739 0.01260270
v 0.00932160 0.06037739 0.01162659
v 0.00006355 0.06037739 0.01162659
v 0.00932160 0.06037739 0.01357881
v 0.00006355 0.06037739 0.01357881
v 0.00923925 0.06068940 0.01260270
v 0.00014590 0.06068940 0.01260270
v 0.00923925 0.06068940 0.01162659
v 0.00014590 0.06068940 0.01162659
v 0.00923925 0.06068940 0.01357881
v 0.00014590 0.06068940 0.01357881
v 0.00896248 0.06096506 0.01260270
v 0.00042268 0.06096506 0.01260270
v 0.00896248 0.06096506 0.01162659
v 0.00042268 0.06096506 0.01162659
v 0.00896248 0.06096506 0.01357881
v 0.00042268 0.06096506 0.01357881
v 0.00864301 0.06108862 0.01260270
v 0.00074214 0.06108862 0.01260270
v 0.00864301 0.06108862 0.01162659
v 0.00074214 0.06108862 0.01162659
v 0.00864301 0.06108862 0.01357881
v 0.00074214 0.06108862 0.01357881
v 0.00469258 0.05580989 0.01107086
v 0.00469258 0.05580989 0.00953903
v 0.00469258 0.05825912 0.01065048
v 0.00469258 0.05825912 0.01162659
v 0.00469258 0.05951401 0.01162659
v 0.00346540 0.05580989 0.01566637
v 0.00354227 0.05825912 0.01455492
v 0.00354227 0.05825912 0.01357881
v 0.00346540 0.05580989 0.00953903
v 0.00346540 0.05580989 0.01107086
v 0.00346540 0.05580989 0.01260270
v 0.00346540 0.05580989 0.01413454
v 0.00469258 0.05951401 0.01357881
v 0.00469258 0.05825912 0.01357881
v 0.00469258 0.05825912 0.01455492
v 0.00469258 0.05580989 0.01566637
v 0.00469258 0.05580989 0.01413454
v 0.00469258 0.05580989 0.01260270
v 0.00600107 0.05580989 0.00953903
v 0.00600107 0.05580989 0.01107086
v 0.00600107 0.05580989 0.01260270
v 0.00600107 0.05580989 0.01413454
v 0.00600107 0.05580989 0.01566637
v 0.00591910 0.05825912 0.01455492
v 0.00591910 0.05825912 0.01357881
v 0.00591910 0.06037739 0.01357881
v 0.00589728 0.06068940 0.01357881
v 0.00611025 0.06096506 0.01357881
v 0.00602560 0.06108862 0.01357881
v 0.00620844 0.06108862 0.01260270
v 0.00602560 0.06108862 0.01162659
v 0.00611025 0.06096506 0.01162659
v 0.00589728 0.06068940 0.01162659
v 0.00591910 0.06037739 0.01162659
v 0.00591910 0.05825912 0.01162659
v 0.00591910 0.05825912 0.01065048
v 0.00338409 0.05580989 0.00953903
v 0.00338409 0.05580989 0.01107086
v 0.00338409 0.05580989 0.01260270
v 0.00338409 0.05580989 0.01413454
v 0.00338409 0.05580989 0.01566637
v 0.00346605 0.05825912 0.01455492
v 0.00346605 0.05825912 0.01357881
v 0.00346605 0.06037739 0.01357881
v 0.00348787 0.06068940 0.01357881
v 0.00339044 0.06096506 0.01357881
v 0.00327540 0.06108862 0.01357881
v 0.00327540 0.06108862 0.01260270
v 0.00327540 0.06108862 0.01162659
v 0.00339044 0.06096506 0.01162659
v 0.00348787 0.06068940 0.01162659
v 0.00346605 0.06037739 0.01162659
v 0.00346605 0.05825912 0.01162659
v 0.00346605 0.05825912 0.01065048
v 0.00584288 0.05825912 0.01065048
v 0.00591975 0.05580989 0.00953903
v 0.00591975 0.05580989 0.01107086
v 0.00591975 0.05580989 0.01260270
v 0.00591975 0.05580989 0.01413454
v 0.00591975 0.05580989 0.01566637
v 0.00584288 0.05825912 0.01455492
v 0.00584288 0.05825912 0.01357881
v 0.00582246 0.05951401 0.01357881
v 0.00582246 0.06068940 0.01357881
v 0.00582246 0.06096506 0.01357881
v 0.00582246 0.06108862 0.01357881
v 0.00582246 0.06108862 0.01260270
v 0.00582246 0.06108862 0.01162659
v 0.00582246 0.06096506 0.01162659
v 0.00582246 0.06068940 0.01162659
v 0.00582246 0.05951401 0.01162659
v 0.00584288 0.05825912 0.01162659
v 0.00354227 0.05825912 0.01065048
v 0.00354227 0.05825912 0.01162659
v 0.00356269 0.05951401 0.01162659
v 0.00356274 0.06068940 0.01162659
v 0.00356269 0.06096506 0.01162659
v 0.00356269 0.06108862 0.01162659
v 0.00356269 0.06108862 0.01260270
v 0.00356269 0.06108862 0.01357881
v 0.00356269 0.06096506 0.01357881
v 0.00356274 0.06068940 0.01357881
v 0.00356269 0.05951401 0.01357881
v 0.01278991 0.05084247 -0.12820371
v 0.00813975 0.05093563 -0.12965573
v -0.00133234 0.05351337 -0.12891380
v 0.01345707 0.04748845 -0.12820371
v -0.00081480 0.05299582 -0.12947025
v 0.01278991 0.04413442 -0.12820371
v -0.00317936 0.05074911 -0.12891380
v 0.01089001 0.04129102 -0.12820371
v -0.00250315 0.05046902 -0.12947025
v 0.00804660 0.03939111 -0.12820371
v 0.00143191 0.05536038 -0.12891380
v 0.00469258 0.03872395 -0.12820371
v 0.00171201 0.05468418 -0.12947025
v 0.00133855 0.03939111 -0.12820371
v -0.00382794 0.04748845 -0.12891380
v -0.00150486 0.04129102 -0.12820371
v -0.00309602 0.04748845 -0.12947025
v -0.00340476 0.04413442 -0.12820371
v -0.00317936 0.04422779 -0.12891380
v -0.00407192 0.04748845 -0.12820371
v -0.00250315 0.04450788 -0.12947025
v -0.00340476 0.05084247 -0.12820371
v 0.00469258 0.05600897 -0.12891380
v -0.00150486 0.05368588 -0.12820371
v 0.00469258 0.05527705 -0.12947025
v 0.00133855 0.05558578 -0.12820371
v -0.00133234 0.04146353 -0.12891380
v 0.00469258 0.05625294 -0.12820371
v -0.00081480 0.04198107 -0.12947025
v 0.00804660 0.05558578 -0.12820371
v 0.00143191 0.03961651 -0.12891380
v 0.01089001 0.05368588 -0.12820371
v 0.00171201 0.04029272 -0.12947025
v 0.01102537 0.05011158 -0.12965573
v 0.01154715 0.04748845 -0.12965573
v 0.01102537 0.04486532 -0.12965573
v 0.00953949 0.04264154 -0.12965573
v 0.00731571 0.04115565 -0.12965573
v 0.00469258 0.04063388 -0.12965573
v 0.00206945 0.04115565 -0.12965573
v -0.00015434 0.04264154 -0.12965573
v -0.00164022 0.04486532 -0.12965573
v -0.00216199 0.04748845 -0.12965573
v -0.00164022 0.05011158 -0.12965573
v -0.00015434 0.05233536 -0.12965573
v 0.00206945 0.05382124 -0.12965573
v 0.00469258 0.05434302 -0.12965573
v 0.00731571 0.05382124 -0.12965573
v 0.00953949 0.05233536 -0.12965573
v 0.01248118 0.04748845 -0.12947025
v 0.01321310 0.04748845 -0.12891380
v 0.01188831 0.05046902 -0.12947025
v 0.01256451 0.05074911 -0.12891380
v 0.01188831 0.04450788 -0.12947025
v 0.01256451 0.04422779 -0.12891380
v 0.01019995 0.04198107 -0.12947025
v 0.01071749 0.04146353 -0.12891380
v 0.01019995 0.05299582 -0.12947025
v 0.01071749 0.05351337 -0.12891380
v 0.00767315 0.04029272 -0.12947025
v 0.00795324 0.03961651 -0.12891380
v 0.00469258 0.03969985 -0.12947025
v 0.00469258 0.03896793 -0.12891380
v 0.00767315 0.05468418 -0.12947025
v 0.00795324 0.05536038 -0.12891380
v 0.00919653 0.04935405 -0.12965573
v 0.00956762 0.04748845 -0.12965573
v 0.00919653 0.04562285 -0.12965573
v 0.00813975 0.04404127 -0.12965573
v 0.00655818 0.04298449 -0.12965573
v 0.00469258 0.04261340 -0.12965573
v 0.00282698 0.04298449 -0.12965573
v 0.00124540 0.04404127 -0.12965573
v 0.00018862 0.04562285 -0.12965573
v -0.00018247 0.04748845 -0.12965573
v 0.00018862 0.04935405 -0.12965573
v 0.00124540 0.05093563 -0.12965573
v 0.00282698 0.05199240 -0.12965573
v 0.00469258 0.05236349 -0.12965573
v 0.00655818 0.05199240 -0.12965573
v 0.01240100 0.05360668 -0.02706097
v 0.01240100 0.05360668 -0.02386221
v 0.01372251 0.05320854 -0.02706097
v 0.01372251 0.05320854 -0.02470054
v 0.01370414 0.05406134 -0.02706097
v 0.01370414 0.05406134 -0.02470054
v 0.01318802 0.05474047 -0.02706097
v 0.01318802 0.05474047 -0.02470054
v 0.01237128 0.05498653 -0.02706097
v 0.01237128 0.05498653 -0.02470054
v 0.01156590 0.05470553 -0.02706097
v 0.01156590 0.05470553 -0.02470054
v 0.01107950 0.05400481 -0.02706097
v 0.01107950 0.05400481 -0.02470054
v 0.01109787 0.05315202 -0.02706097
v 0.01109787 0.05315202 -0.02470054
v 0.01161399 0.05247288 -0.02706097
v 0.01161399 0.05247288 -0.02470054
v 0.01243072 0.05222682 -0.02706097
v 0.01243072 0.05222682 -0.02470054
v 0.01323610 0.05250782 -0.02706097
v 0.01323610 0.05250782 -0.02470054
v 0.01287851 0.05346282 -0.02386221
v 0.01287187 0.05377096 -0.02386221
v 0.01268538 0.05401636 -0.02386221
v 0.01239027 0.05410527 -0.02386221
v 0.01209925 0.05400373 -0.02386221
v 0.01192350 0.05375054 -0.02386221
v 0.01193014 0.05344239 -0.02386221
v 0.01211663 0.05319700 -0.02386221
v 0.01241174 0.05310809 -0.02386221
v 0.01270275 0.05320962 -0.02386221
v 0.01346037 0.05397629 -0.02410776
v 0.01347530 0.05328302 -0.02410776
v 0.01304080 0.05452838 -0.02410776
v 0.01237684 0.05472842 -0.02410776
v 0.01172212 0.05449998 -0.02410776
v 0.01132670 0.05393034 -0.02410776
v 0.01134163 0.05323706 -0.02410776
v 0.01176121 0.05268497 -0.02410776
v 0.01242516 0.05248494 -0.02410776
v 0.01307989 0.05271337 -0.02410776
v 0.01280234 0.05348577 -0.02706097
v 0.01279676 0.05374476 -0.02706097
v 0.01264002 0.05395101 -0.02706097
v 0.01239198 0.05402574 -0.02706097
v 0.01214738 0.05394040 -0.02706097
v 0.01199967 0.05372759 -0.02706097
v 0.01200524 0.05346860 -0.02706097
v 0.01216199 0.05326235 -0.02706097
v 0.01241003 0.05318762 -0.02706097
v 0.01265462 0.05327296 -0.02706097
v 0.01240100 0.05360668 -0.02809559
v 0.01280234 0.05348577 -0.02809559
v 0.01279676 0.05374476 -0.02809559
v 0.01264002 0.05395101 -0.02809559
v 0.01239198 0.05402574 -0.02809559
v 0.01214738 0.05394040 -0.02809559
v 0.01199967 0.05372759 -0.02809559
v 0.01200524 0.05346860 -0.02809559
v 0.01216199 0.05326235 -0.02809559
v 0.01241003 0.05318762 -0.02809559
v 0.01265462 0.05327296 -0.02809559
v 0.01107288 0.05415201 -0.02707311
v 0.01228640 0.05494714 -0.02707311
v 0.01239452 0.05213493 -0.02707311
v 0.01360804 0.05293006 -0.02707311
v 0.01239452 0.05213493 -0.03310811
v 0.01360804 0.05293006 -0.03310811
v 0.01107288 0.05415201 -0.03310811
v 0.01228640 0.05494714 -0.03310811
v 0.01151343 0.05347965 -0.03310811
v 0.01272694 0.05427478 -0.03310811
v 0.01306954 0.05375191 -0.02826861
v 0.01316749 0.05360242 -0.02844734
v 0.01317840 0.05358577 -0.02809101
v 0.01185603 0.05295678 -0.02826861
v 0.01316749 0.05360242 -0.03310811
v 0.01195398 0.05280729 -0.03310811
v 0.01202740 0.05269523 -0.03310811
v 0.01324092 0.05349036 -0.03310811
v 0.01324092 0.05349036 -0.02707311
v 0.01202740 0.05269523 -0.02707311
v 0.01144000 0.05359171 -0.03310811
v 0.01265352 0.05438684 -0.03310811
v 0.01265352 0.05438684 -0.02707311
v 0.01144000 0.05359171 -0.02707311
v 0.01282489 0.05412529 -0.02826861
v 0.01272694 0.05427478 -0.02844734
v 0.01271604 0.05429143 -0.02809101
v 0.01161138 0.05333016 -0.02826861
v 0.01150252 0.05349630 -0.02809101
v 0.01196488 0.05279064 -0.02809101
v 0.01568147 0.03582986 -0.05682282
v 0.01568147 0.04599041 -0.05682282
v 0.01203407 0.05389873 -0.05682282
v 0.01354740 0.05165921 -0.05682282
v -0.00629632 0.03067575 -0.05682282
v -0.00629632 0.03072285 -0.05682282
v -0.00629632 0.03400864 -0.05682282
v -0.00629632 0.03582986 -0.05682282
v -0.00629632 0.04599041 -0.05682282
v -0.00470280 0.04714222 -0.05682282
v -0.00470280 0.04900216 -0.05682282
v -0.00371589 0.05165921 -0.05682282
v -0.00264892 0.05389873 -0.05682282
v -0.00027983 0.05560684 -0.05682282
v 0.00258226 0.05645442 -0.05682282
v 0.01568147 0.03067575 -0.05682282
v 0.01568147 0.03072285 -0.05682282
v 0.01568147 0.03400864 -0.05682282
v 0.00680289 0.05645442 -0.05682282
v 0.00966498 0.05560684 -0.05682282
v 0.01408795 0.04900216 -0.05682282
v 0.01408795 0.04714222 -0.05682282
v 0.01568147 0.03582986 -0.02386581
v 0.01568147 0.04599041 -0.02386581
v 0.01203407 0.05389873 -0.02386581
v 0.01354740 0.05165921 -0.02386581
v -0.00629632 0.03067575 -0.02386581
v -0.00629632 0.03072285 -0.02386581
v -0.00629632 0.03400864 -0.02386581
v -0.00629632 0.03582986 -0.02386581
v -0.00629632 0.04599041 -0.02386581
v -0.00470280 0.04714222 -0.02386581
v -0.00470280 0.04900216 -0.02386581
v -0.00371589 0.05165921 -0.02386581
v -0.00264892 0.05389873 -0.02386581
v -0.00027983 0.05560684 -0.02386581
v 0.00258226 0.05645442 -0.02386581
v 0.01568147 0.03067575 -0.02386581
v 0.01568147 0.03072285 -0.02386581
v 0.01568147 0.03400864 -0.02386581
v 0.00680289 0.05645442 -0.02386581
v 0.00966498 0.05560684 -0.02386581
v 0.01408795 0.04900216 -0.02386581
v 0.01408795 0.04714222 -0.02386581
v 0.00001524 0.03051740 0.01829356
v 0.00936992 0.03051740 0.01829356
v 0.00001524 0.05577669 0.01829356
v 0.00936992 0.05577669 0.01829356
v 0.00781080 0.05718149 0.01829356
v 0.00781080 0.03051740 0.01829356
v 0.00131450 0.05718149 0.01829356
v 0.00131450 0.03051740 0.01829356
v 0.00469258 0.05774087 0.01924208
v 0.00456265 0.03051740 0.01829356
v 0.00577037 0.05774087 0.01924208
v 0.00577503 0.03051740 0.01829356
v 0.00361479 0.05774087 0.01924208
v 0.00358917 0.03051740 0.01829356
v 0.01703394 0.04709963 -0.09805868
v 0.00469258 0.04312920 -0.12900741
v 0.01591719 0.03667390 -0.08877133
v 0.01703394 0.03995075 -0.12900741
v 0.01591719 0.03481362 -0.08877133
v 0.01538051 0.03813148 -0.12900741
v 0.01030488 0.02978700 -0.08877133
v 0.01086326 0.03492333 -0.12900741
v 0.00469258 0.02978700 -0.08877133
v 0.00469258 0.03374906 -0.12900741
v -0.00091973 0.02978700 -0.08877133
v -0.00147810 0.03492333 -0.12900741
v -0.00653203 0.03481362 -0.08877133
v -0.00599535 0.03813148 -0.12900741
v -0.00653203 0.03667390 -0.08877133
v -0.00764878 0.03995075 -0.12900741
v 0.00469258 0.05774087 -0.08876658
v -0.00490433 0.04822892 -0.03272283
v 0.01236901 0.03599271 -0.12900741
v 0.01703394 0.04709963 -0.12900741
v 0.01236901 0.03409585 -0.09805868
v -0.00764878 0.04709963 -0.12900741
v -0.00764878 0.04709963 -0.11253672
v -0.00764878 0.03965665 -0.11253672
v -0.00599535 0.03783738 -0.11253672
v -0.00147810 0.03462923 -0.11253672
v 0.00469258 0.03345496 -0.11253672
v 0.01086326 0.03462923 -0.11253672
v 0.01538051 0.03783738 -0.11253672
v 0.01703394 0.03965665 -0.11253672
v 0.01703394 0.04709963 -0.11253672
v -0.00764878 0.04709963 -0.09805868
v -0.00764878 0.03805389 -0.09805868
v -0.00599535 0.03623462 -0.09805868
v -0.00147810 0.03302647 -0.09805868
v 0.00469258 0.03185220 -0.09805868
v 0.01086326 0.03302647 -0.09805868
v 0.01538051 0.03623462 -0.09805868
v 0.01703394 0.03805389 -0.09805868
v -0.00653203 0.03053603 0.01075508
v -0.00653203 0.04705240 0.01075508
v 0.01591719 0.03053603 0.01075508
v 0.01591719 0.04705240 0.01075508
v 0.01591719 0.03070831 -0.08877133
v 0.00844211 0.04051545 0.03068714
v -0.00653203 0.03070831 -0.08877133
v 0.00844211 0.03780605 0.03141415
v 0.01591719 0.04705240 0.02617365
v 0.01591719 0.04455803 0.02862730
v 0.01591719 0.03053603 0.02617365
v 0.01591719 0.03053603 0.02862730
v -0.00653203 0.04455803 0.02862730
v -0.00653203 0.03053603 0.02862730
v -0.00653203 0.04705240 0.02617365
v -0.00653203 0.03053603 0.02617365
v 0.01591719 0.03053603 0.03068714
v -0.00653203 0.04051545 0.03068714
v 0.01591719 0.03780605 0.03141415
v -0.00653203 0.03053603 0.03068714
v 0.01591719 0.03053603 0.03141415
v -0.00653203 0.03780605 0.03141415
v -0.00653203 0.03053603 0.03141415
v 0.01591719 0.04051545 0.03068714
v 0.01591719 0.03576531 0.03277728
v 0.01591719 0.03053603 0.03277728
v -0.00653203 0.03576531 0.03277728
v -0.00653203 0.03053603 0.03277728
v 0.01591719 0.03472605 0.03401925
v 0.01591719 0.03053603 0.03401925
v -0.00653203 0.03472605 0.03401925
v -0.00653203 0.03053603 0.03401925
v -0.00653203 0.03366788 0.03586705
v -0.00653203 0.03053603 0.03586705
v 0.01591719 0.03402690 0.03535210
v 0.01591719 0.03053603 0.03535210
v 0.01591719 0.03317659 0.03616998
v -0.00653203 0.03053603 0.03616998
v -0.00653203 0.03402690 0.03535210
v -0.00653203 0.03053603 0.03535210
v 0.01591719 0.03053603 0.03616998
v 0.01591719 0.03366788 0.03586705
v 0.01591719 0.03427255 0.03480684
v 0.01591719 0.03053603 0.03480684
v -0.00653203 0.03317659 0.03616998
v 0.01591719 0.03053603 0.03586705
v -0.00653203 0.03427255 0.03480684
v -0.00653203 0.03053603 0.03480684
v 0.00844211 0.04455803 0.02862730
v 0.01591719 0.03667390 0.01075508
v 0.01591719 0.03667390 0.02617365
v 0.01591719 0.03574694 0.02862730
v 0.01591719 0.03424462 0.03068714
v 0.01591719 0.03323774 0.03141415
v 0.01591719 0.03247935 0.03277728
v 0.01591719 0.03209314 0.03401925
v 0.01591719 0.03192461 0.03480684
v 0.01591719 0.03183332 0.03535210
v 0.01591719 0.03169990 0.03586705
v 0.01591719 0.03151733 0.03616998
v -0.00653203 0.03151733 0.03616998
v -0.00653203 0.03169990 0.03586705
v -0.00653203 0.03183332 0.03535210
v -0.00653203 0.03192461 0.03480684
v -0.00653203 0.03209314 0.03401925
v -0.00653203 0.03247935 0.03277728
v -0.00653203 0.03323774 0.03141415
v -0.00653203 0.03424462 0.03068714
v -0.00653203 0.03574694 0.02862730
v -0.00653203 0.03667390 0.02617365
v -0.00653203 0.03667390 0.01075508
v 0.00844211 0.03576531 0.03277728
v 0.00844211 0.04705240 0.02617365
v 0.01591719 0.03481362 0.01075508
v 0.01591719 0.03481362 0.02617365
v 0.01591719 0.03416760 0.02862730
v 0.01591719 0.03312061 0.03068714
v 0.01591719 0.03241890 0.03141415
v 0.01591719 0.03189037 0.03277728
v 0.01591719 0.03162121 0.03401925
v 0.01591719 0.03150375 0.03480684
v 0.01591719 0.03144013 0.03535210
v 0.01591719 0.03134715 0.03586705
v 0.01591719 0.03121991 0.03616998
v -0.00653203 0.03121991 0.03616998
v -0.00653203 0.03134715 0.03586705
v -0.00653203 0.03144013 0.03535210
v -0.00653203 0.03150375 0.03480684
v -0.00653203 0.03162121 0.03401925
v -0.00653203 0.03189037 0.03277728
v -0.00653203 0.03241890 0.03141415
v -0.00653203 0.03312061 0.03068714
v -0.00653203 0.03416760 0.02862730
v -0.00653203 0.03481362 0.02617365
v -0.00653203 0.03481362 0.01075508
v 0.00844211 0.03472605 0.03401925
v 0.01068395 0.04312920 -0.12900741
v 0.01591719 0.03145735 0.01075508
v 0.01591719 0.03145735 0.02617365
v 0.01591719 0.03131820 0.02862730
v 0.01591719 0.03109270 0.03068714
v 0.01591719 0.03094157 0.03141415
v 0.01591719 0.03082773 0.03277728
v 0.01591719 0.03076976 0.03401925
v 0.01591719 0.03074446 0.03480684
v 0.01591719 0.03073076 0.03535210
v 0.01591719 0.03071073 0.03586705
v 0.01591719 0.03068333 0.03616998
v -0.00653203 0.03068333 0.03616998
v -0.00653203 0.03071073 0.03586705
v -0.00653203 0.03073076 0.03535210
v -0.00653203 0.03074446 0.03480684
v -0.00653203 0.03076976 0.03401925
v -0.00653203 0.03082773 0.03277728
v -0.00653203 0.03094157 0.03141415
v -0.00653203 0.03109270 0.03068714
v -0.00653203 0.03131820 0.02862730
v -0.00653203 0.03145735 0.02617365
v -0.00653203 0.03145735 0.01075508
v 0.01068395 0.04709963 -0.12900741
v 0.01236901 0.03569861 -0.11253672
v 0.00469258 0.03053603 0.01075508
v 0.00469258 0.03053603 0.02617365
v 0.00469258 0.03053603 0.02862730
v 0.00469258 0.03053603 0.03068714
v 0.00469258 0.03053603 0.03141415
v 0.00482286 0.03053603 0.03277728
v 0.00469258 0.03053603 0.03401925
v 0.00482286 0.03053603 0.03480684
v 0.00482286 0.03053603 0.03535210
v 0.00469258 0.03053603 0.03586705
v 0.00469258 0.03053603 0.03616998
v 0.00361479 0.05747033 0.00287269
v 0.00469258 0.05747033 0.00287269
v 0.00577037 0.05747033 0.00287269
v 0.00215305 0.05670835 0.00319377
v 0.00723211 0.05670835 0.00319377
v 0.00094305 0.05498915 0.00332858
v 0.00844206 0.05498903 0.00332858
v 0.00094305 0.05247880 0.00417933
v 0.00844210 0.05247880 0.00417933
v 0.00094305 0.04964284 0.00680013
v 0.00844211 0.04964284 0.00680013
v 0.00094305 0.04773079 0.00875712
v 0.00844211 0.04773079 0.00875712
v 0.00469258 0.05774087 0.01075508
v 0.01591719 0.04705240 -0.08877133
v -0.00091973 0.03053603 0.01075508
v -0.00091973 0.03053603 0.02617365
v -0.00091973 0.03053603 0.02862730
v -0.00091973 0.03053603 0.03068714
v -0.00091973 0.03053603 0.03141415
v -0.00085459 0.03053603 0.03277728
v -0.00091973 0.03053603 0.03401925
v -0.00085459 0.03053603 0.03480684
v -0.00085459 0.03053603 0.03535210
v -0.00091973 0.03053603 0.03586705
v 0.00094305 0.03053603 0.03616998
v 0.00094305 0.03068333 0.03616998
v 0.00094305 0.03121991 0.03616998
v 0.00094305 0.03151733 0.03616998
v 0.00094305 0.03317659 0.03616998
v 0.00094305 0.03366788 0.03586705
v 0.00094305 0.03402690 0.03535210
v 0.00094305 0.03427255 0.03480684
v 0.00094305 0.03472605 0.03401925
v 0.00094305 0.03576531 0.03277728
v 0.00094305 0.03780605 0.03141415
v 0.00094305 0.04051545 0.03068714
v 0.00094305 0.04455803 0.02862730
v 0.00094305 0.04705240 0.02617365
v 0.00361479 0.05774087 0.01075508
v -0.00653203 0.04705240 -0.08877133
v 0.00577037 0.05774087 0.01075508
v 0.01030488 0.03053603 0.01075508
v 0.01030488 0.03053603 0.02617365
v 0.01030488 0.03053603 0.02862730
v 0.01030488 0.03053603 0.03068714
v 0.01030488 0.03053603 0.03141415
v 0.01037002 0.03053603 0.03277728
v 0.01030488 0.03053603 0.03401925
v 0.01037002 0.03053603 0.03480684
v 0.01037002 0.03053603 0.03535210
v 0.01030488 0.03053603 0.03586705
v 0.00844211 0.03053603 0.03616998
v 0.00844211 0.03068333 0.03616998
v 0.00844211 0.03121991 0.03616998
v 0.00844211 0.03151733 0.03616998
v 0.00844211 0.03317659 0.03616998
v 0.00844211 0.03366788 0.03586705
v 0.00844211 0.03402690 0.03535210
v 0.00844211 0.03427255 0.03480684
v 0.00825522 0.03934433 -0.12900741
v -0.00298385 0.03409585 -0.09805868
v -0.00298385 0.03569861 -0.11253672
v -0.00298385 0.03599271 -0.12900741
v 0.00112993 0.03934433 -0.12900741
v -0.00129880 0.04312920 -0.12900741
v -0.00129880 0.04709963 -0.12900741
v 0.01524430 0.04828938 -0.09805800
v -0.00490433 0.05012875 -0.03272247
v 0.01524430 0.04828938 -0.12900673
v -0.00585914 0.04828938 -0.12900673
v -0.00585914 0.04828938 -0.11253603
v 0.01524430 0.04828938 -0.11253603
v -0.00585914 0.04828938 -0.09805800
v -0.00490433 0.04822892 0.01075508
v 0.01428949 0.04822892 0.01075508
v 0.01428949 0.04822892 0.02497158
v -0.00490433 0.04822892 0.02497158
v 0.00844211 0.04822892 0.02497158
v 0.00981514 0.04828938 -0.12900673
v 0.00844211 0.03365152 0.01876180
v 0.01428949 0.04822892 -0.08877111
v 0.00094305 0.04822892 0.02497158
v -0.00490433 0.04822892 -0.08877099
v -0.00042998 0.04828938 -0.12900673
v 0.01524430 0.05018921 -0.09805632
v 0.00469258 0.05195891 -0.12900505
v 0.01524430 0.05018921 -0.12900505
v -0.00585914 0.05018921 -0.12900505
v -0.00585914 0.05018921 -0.11253435
v 0.01524430 0.05018921 -0.11253435
v -0.00585914 0.05018921 -0.09805632
v -0.00490433 0.05012875 0.01075508
v 0.01428949 0.05012875 0.01075508
v 0.01428949 0.05012875 0.02302709
v -0.00490433 0.05012875 0.02302709
v 0.00844211 0.05012875 0.02302709
v 0.00981514 0.05018921 -0.12900505
v 0.00844211 0.03341830 0.01927947
v 0.01428949 0.05012875 -0.08877055
v 0.00094305 0.05012875 0.02302709
v -0.00490433 0.05012875 -0.08877015
v -0.00042998 0.05018921 -0.12900505
v 0.01463722 0.05290326 -0.09805391
v 0.00469258 0.05290326 -0.12900264
v 0.01463722 0.05290326 -0.12900264
v -0.00525207 0.05290326 -0.12900264
v -0.00525207 0.05290326 -0.11253195
v 0.01463722 0.05290326 -0.11253195
v -0.00479613 0.05290326 -0.09805391
v -0.00389625 0.05284280 0.01075508
v 0.01373735 0.05284280 0.01075508
v 0.01373735 0.05284280 0.02051894
v -0.00435219 0.05284280 0.02051894
v 0.00844211 0.05284280 0.02051894
v 0.00800746 0.05290326 -0.12900264
v 0.00844211 0.03317909 0.01962258
v 0.01373735 0.05284280 -0.08876974
v 0.00094305 0.05284280 0.02051894
v -0.00389625 0.05284280 -0.08876895
v 0.00137770 0.05290326 -0.12900264
v 0.01293763 0.05519081 -0.09805189
v 0.00469258 0.05519081 -0.12900062
v 0.01293763 0.05519081 -0.12900062
v -0.00355248 0.05519081 -0.12900062
v -0.00355248 0.05519081 -0.11252993
v 0.01293763 0.05519081 -0.11252993
v -0.00355248 0.05519081 -0.09805189
v -0.00280640 0.05513036 0.01075508
v 0.01219155 0.05513036 0.01075508
v 0.01219155 0.05513036 0.01974370
v -0.00280640 0.05513036 0.01974370
v 0.00844206 0.05513024 0.01974370
v 0.00744093 0.05519081 -0.12900062
v 0.00844211 0.03297907 0.01974591
v 0.01219155 0.05513036 -0.08876907
v 0.00094305 0.05513036 0.01974370
v -0.00280640 0.05513036 -0.08876794
v 0.00194422 0.05519081 -0.12900062
v 0.01027696 0.05693556 -0.09805035
v 0.00469258 0.05693556 -0.12899907
v 0.01027696 0.05693556 -0.12899907
v -0.00089181 0.05693556 -0.12899907
v -0.00089181 0.05693556 -0.11252838
v 0.01027696 0.05693556 -0.11252838
v -0.00089181 0.05693556 -0.09805035
v -0.00038649 0.05687510 0.01075508
v 0.00977164 0.05687510 0.01075508
v 0.00977164 0.05687510 0.01960690
v -0.00038649 0.05687510 0.01960690
v 0.00723211 0.05687510 0.01960690
v 0.00655404 0.05693556 -0.12899907
v 0.00844211 0.03151733 0.01974591
v 0.00977164 0.05687510 -0.08876856
v 0.00215305 0.05687510 0.01960690
v -0.00038649 0.05687510 -0.08876717
v 0.00283112 0.05693556 -0.12899907
v 0.00706262 0.05780133 -0.09804918
v 0.00469258 0.05780133 -0.12899791
v 0.00706262 0.05780133 -0.12899791
v 0.00232253 0.05780133 -0.12899791
v 0.00232253 0.05780133 -0.11252722
v 0.00706262 0.05780133 -0.11252722
v 0.00232253 0.05780133 -0.09804918
v 0.00253700 0.05774087 0.01075508
v 0.00684816 0.05774087 0.01075508
v 0.00684816 0.05774087 0.01924208
v 0.00253700 0.05774087 0.01924208
v 0.00844211 0.03053603 0.01974591
v 0.00548259 0.05780133 -0.12899791
v 0.00844211 0.03121991 0.01974591
v 0.00684816 0.05774087 -0.08876817
v 0.00844211 0.03068333 0.01974591
v 0.00253700 0.05774087 -0.08876658
v 0.00390256 0.05780133 -0.12899791
v -0.00653203 0.04705240 -0.05687812
v -0.00653203 0.03667390 -0.05687812
v -0.00653203 0.03481362 -0.05687812
v -0.00653203 0.03082553 -0.05687812
v -0.00653203 0.03053029 -0.05687812
v -0.00091973 0.02990422 -0.05687812
v 0.00469258 0.02990422 -0.05687812
v 0.01030488 0.02990422 -0.05687812
v 0.01591719 0.03053029 -0.05687812
v 0.01591719 0.03082553 -0.05687812
v 0.01591719 0.03481362 -0.05687812
v 0.01591719 0.03667390 -0.05687812
v 0.01591719 0.04705240 -0.05687812
v 0.01416597 0.04822892 -0.05687796
v 0.01428949 0.05012875 -0.05687758
v 0.01373735 0.05284280 -0.05687704
v 0.01219155 0.05513036 -0.05687658
v 0.00977164 0.05687510 -0.05687623
v 0.00684816 0.05774087 -0.05687597
v 0.00650278 0.05774087 -0.05687597
v 0.00469258 0.05774087 -0.05687489
v 0.00288237 0.05774087 -0.05687489
v 0.00253700 0.05774087 -0.05687489
v -0.00038649 0.05687510 -0.05687529
v -0.00280640 0.05513036 -0.05687581
v -0.00389625 0.05284280 -0.05687650
v -0.00490433 0.05012875 -0.05687732
v -0.00490433 0.04822892 -0.05687789
v -0.00653203 0.04705240 -0.03272298
v -0.00653203 0.03667390 -0.03272298
v -0.00653203 0.03481362 -0.03272298
v -0.00653203 0.03105924 -0.03272298
v -0.00653203 0.03054040 -0.03272298
v -0.00091973 0.03013792 -0.03272298
v 0.00469258 0.03013792 -0.03272298
v 0.01030488 0.03013792 -0.03272298
v 0.01591719 0.03054040 -0.03272298
v 0.01591719 0.03105924 -0.03272298
v 0.01591719 0.03481362 -0.03272298
v 0.01591719 0.03667390 -0.03272298
v 0.01591719 0.04705240 -0.03272298
v 0.01416597 0.04822892 -0.03272288
v 0.01428949 0.05012875 -0.03272264
v 0.01373735 0.05284280 -0.03272229
v 0.01219155 0.05513036 -0.03272199
v 0.00977164 0.05687510 -0.03272177
v 0.00684816 0.05774087 -0.03272160
v 0.00624120 0.05774087 -0.03272160
v 0.00469258 0.05774087 -0.03272091
v 0.00314395 0.05774087 -0.03272091
v 0.00253700 0.05774087 -0.03272091
v -0.00038649 0.05687510 -0.03272116
v -0.00280640 0.05513036 -0.03272150
v -0.00389625 0.05284280 -0.03272194
v 0.00844211 0.04026428 0.01430583
v 0.00844211 0.03751457 0.01504366
v 0.00844211 0.04414603 0.01232794
v 0.00844211 0.03529517 0.01652613
v 0.00844211 0.04655911 0.00995425
v 0.00844211 0.03415265 0.01789148
v 0.00469258 0.03053603 0.01974591
v 0.00094305 0.03053603 0.01974591
v 0.00094305 0.03068333 0.01974591
v 0.00094305 0.03121991 0.01974591
v 0.00094305 0.03151733 0.01974591
v 0.00094305 0.03297907 0.01974591
v 0.00094305 0.03317909 0.01962258
v 0.00094305 0.03341830 0.01927947
v 0.00094305 0.03365152 0.01876180
v 0.00094305 0.03415265 0.01789148
v 0.00094305 0.03529517 0.01652613
v 0.00094305 0.03751457 0.01504366
v 0.00094305 0.04026428 0.01430583
v 0.00094305 0.04414603 0.01232794
v 0.00094305 0.04655911 0.00995425
v 0.01396048 0.04896735 -0.03440143
v 0.01406152 0.05045745 -0.03388575
v 0.01363473 0.05288232 -0.03340513
v 0.01217734 0.05504648 -0.03335968
v 0.00996981 0.05656796 -0.03383464
v 0.00766547 0.05706451 -0.03466700
v 0.00766506 0.05706485 -0.05493178
v 0.00996966 0.05656820 -0.05576434
v 0.01217735 0.05504654 -0.05623938
v 0.01363469 0.05288233 -0.05619395
v 0.01406133 0.05045772 -0.05571344
v 0.01396024 0.04896790 -0.05519793
v -0.00653203 0.03667390 -0.02386768
v -0.00653203 0.03481362 -0.02386768
v -0.00653203 0.03114032 -0.02386768
v -0.00653203 0.03053951 -0.02386768
v -0.00091973 0.03021901 -0.02386768
v 0.00469258 0.03021901 -0.02386768
v 0.01030488 0.03021901 -0.02386768
v 0.01591719 0.03053951 -0.02386768
v 0.01591719 0.03114032 -0.02386768
v 0.01591719 0.03481362 -0.02386768
v 0.01591719 0.03667390 -0.02386768
v 0.01591719 0.04705240 -0.02386768
v 0.01419113 0.04822892 -0.02386760
v 0.01428949 0.05012875 -0.02386740
v 0.01373735 0.05284280 -0.02386712
v 0.01219155 0.05513036 -0.02386689
v 0.00977164 0.05687510 -0.02386671
v 0.00684816 0.05774087 -0.02386657
v 0.00614530 0.05774087 -0.02386657
v 0.00469258 0.05774087 -0.02386602
v 0.00323985 0.05774087 -0.02386602
v 0.00253700 0.05774087 -0.02386602
v -0.00038649 0.05687510 -0.02386622
v -0.00280640 0.05513036 -0.02386650
v -0.00389625 0.05284280 -0.02386685
v -0.00490433 0.05012875 -0.02386726
v -0.00490433 0.04822892 -0.02386756
v -0.00653203 0.04705240 -0.02386768
v -0.00416081 0.04720027 -0.03272283
v -0.00342003 0.04986200 -0.03272247
v 0.01267383 0.04805436 -0.05700461
v 0.01281628 0.05001026 -0.05710341
v 0.01235144 0.05226020 -0.05705159
v 0.01111546 0.05408708 -0.05703780
v 0.00911532 0.05554241 -0.05712719
v 0.00636931 0.05632404 -0.05698549
v 0.00650278 0.05625657 -0.05687597
v 0.00469258 0.05625657 -0.05687489
v 0.00288237 0.05625657 -0.05687489
v 0.00275216 0.05625657 -0.05687489
v 0.00027692 0.05552354 -0.05687529
v -0.00162993 0.05414872 -0.05687581
v -0.00252784 0.05226404 -0.05687650
v -0.00342003 0.04986200 -0.05687732
v -0.00416081 0.04720027 -0.05687789
v 0.01267424 0.04814300 -0.03263846
v 0.01279968 0.05001573 -0.03260856
v 0.01228284 0.05254689 -0.03262202
v 0.01132348 0.05392636 -0.03263345
v 0.00910944 0.05552818 -0.03259593
v 0.00638662 0.05632953 -0.03264103
v 0.00624120 0.05625657 -0.03272160
v 0.00469258 0.05625657 -0.03272091
v 0.00314395 0.05625657 -0.03272091
v 0.00275216 0.05625657 -0.03272091
v 0.00027692 0.05552354 -0.03272116
v -0.00162993 0.05414872 -0.03272150
v -0.00252784 0.05226404 -0.03272194
v 0.01246835 0.04879275 -0.03427481
v 0.01258831 0.05033889 -0.03365995
v 0.01219344 0.05258908 -0.03320550
v 0.01131543 0.05385102 -0.03318323
v 0.00931353 0.05523524 -0.03358369
v 0.00695026 0.05572974 -0.03450342
v 0.00694983 0.05573009 -0.05509537
v 0.00931333 0.05523551 -0.05601530
v 0.01110125 0.05400326 -0.05640060
v 0.01224879 0.05229973 -0.05636850
v 0.01258813 0.05033923 -0.05593926
v 0.01246810 0.04879334 -0.05532458
v 0.01270935 0.04831545 -0.02386549
v 0.01279644 0.05002229 -0.02386633
v 0.01228284 0.05254690 -0.02386712
v 0.01132348 0.05392636 -0.02386689
v 0.00910823 0.05552354 -0.02386671
v 0.00663299 0.05625657 -0.02386657
v 0.00614530 0.05625657 -0.02386657
v 0.00469258 0.05625657 -0.02386602
v 0.00323985 0.05625657 -0.02386602
v 0.00275216 0.05625657 -0.02386602
v 0.00027692 0.05552354 -0.02386622
v -0.00162993 0.05414872 -0.02386650
v -0.00252784 0.05226404 -0.02386685
v -0.00342003 0.04986200 -0.02386726
v -0.00416081 0.04720027 -0.02386756
v 0.01250751 0.05201175 0.01075508
v 0.01096171 0.05429930 0.01075508
v 0.01250751 0.05201175 -0.02386712
v 0.01096171 0.05429930 -0.02386689
v -0.00526280 0.04640374 -0.02386768
v -0.00526280 0.03053951 -0.02386768
v -0.00526280 0.03481362 -0.08877133
v -0.00526280 0.03667390 -0.08877133
v -0.00526280 0.03053603 0.01075508
v -0.00526280 0.04640374 0.01075508
v -0.00526280 0.03070831 -0.08877133
v -0.00526280 0.03667390 0.01075508
v -0.00526280 0.03481362 0.01075508
v -0.00526280 0.03145735 0.01075508
v -0.00526280 0.04640374 -0.08877133
v -0.00416081 0.04720027 0.01075508
v -0.00416081 0.04720027 -0.08877099
v -0.00526280 0.04640374 -0.05687812
v -0.00526280 0.03667390 -0.05687812
v -0.00526280 0.03481362 -0.05687812
v -0.00526280 0.03082553 -0.05687812
v -0.00526280 0.03053029 -0.05687812
v -0.00526280 0.04640374 -0.03272298
v -0.00526280 0.03667390 -0.03272298
v -0.00526280 0.03481362 -0.03272298
v -0.00526280 0.03105924 -0.03272298
v -0.00526280 0.03054040 -0.03272298
v -0.00526280 0.03667390 -0.02386768
v -0.00526280 0.03481362 -0.02386768
v -0.00526280 0.03114032 -0.02386768
v 0.00242976 0.05777110 -0.09340788
v -0.00063915 0.05690533 -0.09340876
v -0.00317944 0.05516059 -0.09340991
v -0.00434619 0.05287303 -0.09341143
v -0.00538174 0.05015898 -0.09341323
v -0.00538174 0.04825915 -0.09341449
v -0.00709041 0.04707602 -0.09341501
v -0.00709041 0.03736390 -0.09341501
v -0.00626369 0.03552412 -0.09341501
v -0.00475794 0.03240208 -0.09341501
v -0.00119892 0.03140673 -0.09341501
v 0.00469258 0.03081960 -0.09341501
v 0.01058407 0.03140673 -0.09341501
v 0.01414310 0.03240208 -0.09341501
v 0.01564885 0.03552412 -0.09341501
v 0.01647556 0.03736390 -0.09341501
v 0.01647556 0.04707602 -0.09341501
v 0.01476689 0.04825915 -0.09341455
v 0.01476689 0.05015898 -0.09341343
v 0.01418728 0.05287303 -0.09341183
v 0.01256459 0.05516059 -0.09341048
v 0.01002430 0.05690533 -0.09340945
v 0.00695539 0.05777110 -0.09340867
v -0.00625740 0.04162657 0.00149336
v -0.00625740 0.04045474 0.00259944
v -0.00696683 0.04045474 0.00259944
v -0.00696683 0.04162657 0.00149336
v -0.00696683 0.04569131 0.00173697
v -0.00696683 0.04672264 0.00297510
v -0.00625740 0.04672264 0.00297510
v -0.00625740 0.04569131 0.00173697
v -0.00696683 0.04184914 0.01906695
v -0.00696683 0.03854067 0.01579910
v -0.00696683 0.04704647 0.01630888
v -0.00696683 0.04337138 0.01915818
v -0.00625740 0.03854067 0.01579910
v -0.00620810 0.04184914 0.01906695
v -0.00625740 0.04337138 0.01915818
v -0.00625740 0.04704647 0.01630888
v -0.00625740 0.04305577 0.00118691
v -0.00625740 0.03999789 0.00407321
v -0.00625740 0.04700019 0.00449288
v -0.00625740 0.04430894 0.00126202
v -0.00696683 0.03999789 0.00407321
v -0.00696683 0.04305577 0.00118691
v -0.00696683 0.04430894 0.00126202
v -0.00696683 0.04700019 0.00449288
v -0.00696683 0.04510242 0.01886982
v -0.00696683 0.04651079 0.01777792
v -0.00625740 0.04651079 0.01777792
v -0.00625740 0.04510242 0.01886982
v -0.00620810 0.04016493 0.01857390
v -0.00625740 0.03889706 0.01732160
v -0.00696683 0.03889706 0.01732160
v -0.00696683 0.04016493 0.01857390
v -0.00739092 0.04082683 0.00283139
v -0.00739092 0.04183143 0.00188316
v -0.00739092 0.04544135 0.00209952
v -0.00739092 0.04632551 0.00316095
v -0.00739092 0.04192232 0.01864648
v -0.00739092 0.03897024 0.01577356
v -0.00739092 0.04662303 0.01623222
v -0.00739092 0.04334894 0.01873199
v -0.00739092 0.04041489 0.00416029
v -0.00739092 0.04308813 0.00161370
v -0.00739092 0.04422584 0.00168189
v -0.00739092 0.04657578 0.00452954
v -0.00739092 0.04492716 0.01846909
v -0.00739092 0.04615427 0.01751771
v -0.00739092 0.03928210 0.01710584
v -0.00739092 0.04038680 0.01819697
v -0.00756005 0.04027020 0.00291296
v -0.00756859 0.04149233 0.00177115
v -0.00756859 0.04579140 0.00202881
v -0.00756005 0.04686841 0.00330841
v -0.00756214 0.04300992 0.00143915
v -0.00756214 0.04432434 0.00151793
v -0.00798413 0.04064230 0.00314491
v -0.00799268 0.04169719 0.00216095
v -0.00799268 0.04554145 0.00239135
v -0.00798413 0.04647128 0.00349426
v -0.00798623 0.04304228 0.00186594
v -0.00798623 0.04424123 0.00193780
v -0.00724966 0.04173129 0.01014083
v -0.00715223 0.04218896 0.01108322
v -0.00710293 0.04398755 0.01119102
v -0.00720036 0.04455450 0.01031004
v -0.00707760 0.04276710 0.01141989
v -0.00707760 0.04337334 0.01145623
v -0.00779358 0.04164446 0.00979370
v -0.00770469 0.04213085 0.01077862
v -0.00770469 0.04408163 0.01089554
v -0.00779358 0.04468217 0.00997576
v -0.00767290 0.04276325 0.01115104
v -0.00767290 0.04340927 0.01118976
v -0.00863986 0.04172919 0.00394048
v -0.00863850 0.04238600 0.00316570
v -0.00863850 0.04473758 0.00330664
v -0.00863986 0.04529714 0.00415432
v -0.00863941 0.04321162 0.00292549
v -0.00863941 0.04394655 0.00296954
v -0.00866812 0.04228965 0.00911503
v -0.00868120 0.04257411 0.00988077
v -0.00868120 0.04374878 0.00995117
v -0.00866812 0.04412265 0.00922489
v -0.00868587 0.04295003 0.01016771
v -0.00868587 0.04334127 0.01019116
v 0.00110027 0.04968292 0.02610765
v 0.00828489 0.04968292 0.02610765
v 0.00110027 0.04541614 0.02526848
v 0.00828489 0.04541614 0.02526848
v 0.00110027 0.04586131 0.02232355
v 0.00828489 0.04586131 0.02232355
v 0.00110027 0.04827628 0.02199292
v 0.00828489 0.04827628 0.02199292
v 0.00110027 0.05052306 0.02177659
v 0.00828489 0.05052306 0.02177659
v 0.00110027 0.05237863 0.02159654
v 0.00828489 0.05237863 0.02159654
v 0.00110027 0.05379765 0.02470101
v 0.00828489 0.05379765 0.02470101
v 0.00110027 0.05394970 0.02694683
v 0.00828489 0.05394970 0.02694683
v 0.00110027 0.05295847 0.02896779
v 0.00828489 0.05295847 0.02896779
v 0.00110027 0.05108956 0.03022238
v 0.00828489 0.05108956 0.03022238
v 0.00110027 0.04884375 0.03037443
v 0.00828489 0.04884375 0.03037443
v 0.00110027 0.04682278 0.02938320
v 0.00828489 0.04682278 0.02938321
v 0.00110027 0.04556819 0.02751429
v 0.00828489 0.04556819 0.02751429
v 0.00120291 0.05415256 0.02501091
v 0.00818225 0.05415256 0.02501091
v 0.00120291 0.05425960 0.02659192
v 0.00818225 0.05425960 0.02659192
v 0.00120291 0.05410212 0.02739267
v 0.00818225 0.05410211 0.02739267
v 0.00120291 0.05340431 0.02881538
v 0.00818225 0.05340431 0.02881538
v 0.00120291 0.05286755 0.02943010
v 0.00818225 0.05286755 0.02943011
v 0.00120291 0.05155188 0.03031331
v 0.00818225 0.05155188 0.03031331
v 0.00120291 0.05077966 0.03057729
v 0.00818225 0.05077966 0.03057729
v 0.00120291 0.04919866 0.03068433
v 0.00818225 0.04919866 0.03068433
v 0.00120291 0.04839791 0.03052685
v 0.00818225 0.04839791 0.03052685
v 0.00120291 0.04697520 0.02982904
v 0.00818225 0.04697520 0.02982904
v 0.00120291 0.04636047 0.02929228
v 0.00818225 0.04636047 0.02929228
v 0.00120291 0.04547727 0.02797661
v 0.00818225 0.04547727 0.02797661
v 0.00110027 0.04541092 0.02121521
v 0.00828489 0.04541092 0.02121521
v 0.00110027 0.04786903 0.02087867
v 0.00828489 0.04786903 0.02087868
v 0.00110027 0.05015835 0.02065825
v 0.00828489 0.05015835 0.02065825
v 0.00110027 0.05201312 0.02047827
v 0.00828489 0.05201312 0.02047828
v 0.00110027 0.04457672 0.02021404
v 0.00828489 0.04457672 0.02021404
v 0.00110027 0.04707462 0.01987206
v 0.00828489 0.04707462 0.01987206
v 0.00110027 0.04940316 0.01964786
v 0.00828489 0.04940316 0.01964786
v 0.00110027 0.05125719 0.01946796
v 0.00828489 0.05125719 0.01946796
v 0.00110027 0.04360791 0.01989287
v 0.00828489 0.04360791 0.01989287
v 0.00110027 0.04570788 0.01844162
v 0.00828489 0.04570788 0.01844162
v 0.00110027 0.04771015 0.01717331
v 0.00828489 0.04771015 0.01717331
v 0.00110027 0.04928253 0.01617567
v 0.00828489 0.04928253 0.01617567
v 0.00110027 0.04246035 0.01995232
v 0.00828489 0.04246035 0.01995232
v 0.00110027 0.04382926 0.01772249
v 0.00828489 0.04382926 0.01772249
v 0.00110027 0.04518413 0.01570182
v 0.00828489 0.04518413 0.01570182
v 0.00110027 0.04621937 0.01415537
v 0.00828489 0.04621937 0.01415537
v 0.00110027 0.04152761 0.02036725
v 0.00828489 0.04152761 0.02036725
v 0.00110027 0.04178380 0.01771715
v 0.00828489 0.04178380 0.01771715
v 0.00110027 0.04212086 0.01526221
v 0.00828489 0.04212086 0.01526221
v 0.00110027 0.04237251 0.01341919
v 0.00828489 0.04237251 0.01341919
v 0.00110027 0.03974455 0.02088907
v 0.00828489 0.03974455 0.02088907
v 0.00110027 0.04000456 0.01819948
v 0.00828489 0.04000456 0.01819948
v 0.00110027 0.04034691 0.01570597
v 0.00828489 0.04034691 0.01570597
v 0.00110027 0.04059846 0.01386367
v 0.00828489 0.04059846 0.01386367
v 0.00110027 0.03804298 0.02089232
v 0.00828489 0.03804298 0.02089232
v 0.00110027 0.03830746 0.01815650
v 0.00828489 0.03830746 0.01815650
v 0.00110027 0.03865601 0.01561783
v 0.00828489 0.03865601 0.01561783
v 0.00110027 0.03890744 0.01377639
v 0.00828489 0.03890744 0.01377639
v 0.00110027 0.02920271 0.01837906
v 0.00828489 0.02920271 0.01837906
v 0.00110027 0.02947328 0.01558016
v 0.00828489 0.02947328 0.01558016
v 0.00110027 0.02983030 0.01297987
v 0.00828489 0.02983030 0.01297987
v 0.00110027 0.03008157 0.01113959
v 0.00828489 0.03008157 0.01113959
v -0.00379183 -0.06649622 0.12562260
v -0.00379183 -0.06294679 0.12562245
v 0.01386776 -0.06649622 0.12562245
v 0.01386776 -0.06294679 0.12562245
v 0.01386776 -0.06649622 0.08427472
v 0.01386776 -0.06294679 0.08937824
v -0.00379183 -0.06649622 0.08427472
v -0.00379183 -0.06294679 0.08937824
v -0.00379183 -0.06472151 0.12562260
v -0.00379183 -0.06472151 0.08496478
v 0.01386776 -0.06472151 0.08496478
v 0.01386776 -0.06472151 0.12562245
v -0.00379183 -0.06383415 0.12562260
v -0.00379183 -0.06383415 0.08778100
v 0.01386776 -0.06383415 0.08778100
v 0.01386776 -0.06383415 0.12562245
v 0.01218062 -0.06360464 0.12469208
v 0.01270415 -0.06360464 0.12406774
v 0.01270415 0.03430326 0.10544388
v 0.01218062 0.03430326 0.10606823
v -0.00172011 -0.06360464 0.09133338
v -0.00320548 -0.06360464 0.09310476
v -0.00320548 0.02965427 0.07448091
v -0.00172011 0.02911135 0.07270953
v 0.01287866 -0.06360464 0.09536530
v 0.00900263 -0.06360464 0.09074292
v 0.00900263 0.02905078 0.07211907
v 0.01287866 0.03044556 0.07674145
v 0.00017543 -0.06360464 0.09074292
v -0.00370061 -0.06360464 0.09536530
v -0.00370061 0.03044556 0.07674145
v 0.00017543 0.02905078 0.07211907
v 0.01238354 0.02965427 0.07448091
v 0.01089817 0.02911135 0.07270953
v 0.01089817 -0.06360464 0.09133338
v 0.01238354 -0.06360464 0.09310476
v -0.00370061 -0.06360464 0.12327099
v -0.00233446 -0.06360464 0.12490019
v -0.00233446 0.03430326 0.10627634
v -0.00370061 0.03430326 0.10464714
v 0.01151252 -0.06360464 0.12490019
v 0.01287866 -0.06360464 0.12327099
v 0.01287866 0.03430326 0.10464714
v 0.01151252 0.03430326 0.10627634
v -0.00300256 -0.06360464 0.12469208
v -0.00352610 -0.06360464 0.12406774
v -0.00352610 0.03430326 0.10544388
v -0.00300256 0.03430326 0.10606823
v 0.01287866 0.03430326 0.08604335
v 0.01287866 -0.06360464 0.10466720
v -0.00370061 -0.06360464 0.10466720
v -0.00370061 0.03430326 0.08604335
v -0.00370061 0.03041928 0.08604698
v 0.01169820 0.03430326 0.10494960
v 0.01155189 0.03430326 0.10512407
v -0.00219275 0.02982500 0.07492665
v -0.00108270 0.02944915 0.07359141
v 0.00884170 0.02944010 0.07313547
v 0.01179024 0.03048540 0.07684546
v -0.00261219 0.03048540 0.07684546
v 0.00033636 0.02944010 0.07313547
v 0.01137081 0.02982500 0.07492665
v 0.01026076 0.02944915 0.07359141
v -0.00216887 0.03430326 0.10518792
v -0.00261219 0.03430326 0.10452934
v 0.01179024 0.03430326 0.10452934
v 0.01134692 0.03430326 0.10518792
v -0.00252014 0.03430326 0.10494960
v -0.00237383 0.03430326 0.10512407
v 0.01179024 0.03430326 0.08604335
v -0.00261219 0.03430326 0.08604335
v 0.01169820 -0.05959559 0.11870332
v 0.01155189 -0.05959559 0.11901915
v -0.00219275 -0.06090621 0.09541142
v -0.00108270 -0.06128206 0.09299443
v 0.00884170 -0.06129111 0.09216910
v 0.01179024 -0.06024581 0.09888477
v -0.00261219 -0.06024581 0.09888477
v 0.00033636 -0.06129111 0.09216910
v 0.01137081 -0.06090621 0.09541142
v 0.01026076 -0.06128206 0.09299443
v -0.00216887 -0.05959559 0.11913473
v -0.00261219 -0.05959559 0.11794258
v 0.01179024 -0.05959559 0.11794258
v 0.01134692 -0.05959559 0.11913473
v -0.00252014 -0.05959559 0.11870332
v -0.00237383 -0.05959559 0.11901915
v 0.01179024 -0.05959559 0.10053656
v -0.00261219 -0.05959559 0.10053656
vn -0.93265632 -0.12870428 0.33702728
vn -0.93545342 -0.03426902 0.35178477
vn 0.92836502 -0.14505777 0.34219384
vn 0.93545341 -0.03426907 0.35178480
vn 0.70355407 -0.17262293 -0.68935694
vn 0.71248297 -0.17578750 -0.67931346
vn -0.70355407 -0.17262293 -0.68935694
vn -0.71248297 -0.17578750 -0.67931346
vn -0.70670358 -0.68632889 0.17182173
vn 0.70672030 -0.68445525 0.17907384
vn 0.71193060 -0.16688234 -0.68213276
vn -0.71193060 -0.16688234 -0.68213276
vn -0.08682231 0.54667497 0.83283153
vn 0.08682231 0.54667498 0.83283153
vn 0.65870823 -0.32814078 -0.67707244
vn -0.65870823 -0.32814078 -0.67707244
vn -0.69737494 -0.71601796 0.03140825
vn 0.69737494 -0.71601796 0.03140825
vn 0.62208887 -0.70722436 -0.33591537
vn -0.62208887 -0.70722436 -0.33591537
vn -0.93521355 0.03572618 0.35227725
vn 0.93521354 0.03572618 0.35227726
vn 0.69247588 -0.15077569 -0.70550964
vn -0.69247588 -0.15077569 -0.70550964
vn -0.93925376 0.08128831 0.33345852
vn 0.93925377 0.08128827 0.33345851
vn 0.71039377 -0.11122286 -0.69496055
vn -0.71039377 -0.11122286 -0.69496055
vn -0.93925773 0.10567752 0.32653816
vn 0.93925774 0.10567757 0.32653814
vn 0.70973198 -0.12948619 -0.69246938
vn -0.70973198 -0.12948619 -0.69246938
vn -0.94087961 0.12007522 0.31674517
vn 0.94087960 0.12007524 0.31674520
vn 0.72770879 -0.19326319 -0.65809517
vn -0.72770879 -0.19326319 -0.65809517
vn -0.93939327 0.13654787 0.31447570
vn 0.93939327 0.13654783 0.31447572
vn 0.75584467 -0.35853479 -0.54786097
vn -0.75584467 -0.35853479 -0.54786097
vn -0.94240672 0.14076699 0.30340439
vn 0.94240672 0.14076704 0.30340437
vn 0.72095178 -0.51813592 -0.46017791
vn -0.72095178 -0.51813592 -0.46017791
vn -0.94406621 0.12542959 0.30496951
vn 0.93988620 0.14260057 0.31028858
vn 0.65088929 -0.44758848 -0.61319466
vn -0.65088929 -0.44758848 -0.61319466
vn -0.93507965 0.09576026 0.34125654
vn 0.92539330 0.10255822 0.36486853
vn 0.68292002 -0.17695876 -0.70873539
vn -0.68292002 -0.17695876 -0.70873539
vn -0.91299304 0.03898657 0.40610806
vn 0.92331445 -0.01658652 0.38368647
vn 0.70428154 -0.08546416 -0.70475768
vn -0.70428154 -0.08546416 -0.70475768
vn -0.96202791 -0.08181757 0.26040006
vn 0.96986839 -0.02913181 0.24188148
vn 0.69054942 -0.02366714 -0.72289790
vn -0.69054942 -0.02366714 -0.72289790
vn -0.92676464 -0.06470490 0.37002781
vn 0.92243776 -0.08743672 0.37611620
vn 0.69281130 0.07733815 -0.71695977
vn -0.69281130 0.07733815 -0.71695977
vn -0.72405018 0.48920306 0.48624243
vn 0.72405018 0.48920304 0.48624246
vn 0.67440948 0.23578960 -0.69969645
vn -0.67440948 0.23578960 -0.69969645
vn -0.71816154 0.60255466 0.34809751
vn 0.71816154 0.60255466 0.34809751
vn 0.66648071 0.46310764 -0.58423863
vn -0.66648071 0.46310764 -0.58423863
vn -0.69344637 0.62868753 0.35197177
vn 0.69344637 0.62868753 0.35197177
vn 0.68648370 0.59448851 -0.41871653
vn -0.68648370 0.59448851 -0.41871653
vn -0.68894446 0.67690443 0.25914459
vn 0.68894446 0.67690443 0.25914459
vn 0.68814969 0.65873198 -0.30417459
vn -0.68814969 0.65873198 -0.30417459
vn -0.69571070 0.69919148 0.16467513
vn 0.69571070 0.69919148 0.16467513
vn 0.68899888 0.69976657 -0.18869897
vn -0.68899888 0.69976657 -0.18869897
vn -0.68744184 0.72330514 0.06521811
vn 0.68744184 0.72330514 0.06521811
vn 0.68734165 0.72336869 -0.06556831
vn -0.68734165 0.72336869 -0.06556831
vn -0.58082244 -0.25954350 0.77154550
vn -0.58202683 -0.07884151 0.80933848
vn 0.58961128 -0.26783320 0.76198682
vn 0.58202691 -0.07884146 0.80933843
vn -0.11836522 -0.09797903 0.98812438
vn 0.12172101 -0.10095207 0.98741717
vn -0.58186266 0.08205856 0.80913672
vn 0.58186263 0.08205863 0.80913674
vn -0.58520285 0.19204872 0.78781655
vn 0.58520280 0.19204864 0.78781660
vn -0.58520672 0.24967680 0.77148856
vn 0.58520672 0.24967682 0.77148855
vn -0.58686772 0.28701228 0.75710649
vn 0.58686778 0.28701227 0.75710645
vn -0.58533902 0.32292310 0.74370619
vn 0.58533901 0.32292313 0.74370619
vn -0.58858746 0.34024306 0.73334811
vn 0.58858743 0.34024308 0.73334813
vn -0.57479819 0.35160966 0.73890304
vn 0.58373655 0.36203977 0.72675914
vn -0.53078060 0.31251354 0.78778629
vn 0.55518204 0.30096541 0.77536619
vn -0.49969610 0.08690897 0.86182982
vn 0.47209468 0.09402517 0.87651918
vn -0.66030648 -0.21483660 0.71961142
vn 0.59890949 -0.07368942 0.79741915
vn -0.50381423 -0.10843838 0.85697861
vn 0.52947502 -0.14365842 0.83607324
vn -0.36854788 0.47981222 0.79621146
vn 0.36854792 0.47981221 0.79621145
vn -0.14305565 -0.43105328 0.89091422
vn -0.18368077 -0.09530630 0.97835478
vn 0.14305559 -0.43105334 0.89091420
vn 0.18368071 -0.09530623 0.97835480
vn -0.39580774 -0.74722255 0.53384894
vn 0.42220905 -0.73460347 0.53112829
vn -0.18366270 0.09918117 0.97797296
vn 0.18366274 0.09918123 0.97797295
vn -0.18427864 0.23278181 0.95491047
vn 0.18427868 0.23278175 0.95491048
vn -0.18427951 0.30263361 0.93512243
vn 0.18427950 0.30263359 0.93512244
vn -0.18469918 0.34837617 0.91897783
vn 0.18469914 0.34837617 0.91897784
vn -0.18431126 0.39145935 0.90154808
vn 0.18431128 0.39145941 0.90154805
vn -0.18517680 0.41358843 0.89143377
vn 0.18517684 0.41358838 0.89143378
vn -0.18309788 0.43902806 0.87961897
vn 0.18376218 0.43965950 0.87916494
vn -0.18520354 0.37977948 0.90634827
vn 0.18708646 0.37995255 0.90588891
vn -0.16322637 0.22437360 0.96073599
vn 0.18468695 0.24059196 0.95289361
vn -0.12203396 0.08863277 0.98856054
vn 0.14635288 0.07214129 0.98659843
vn 0.00000000 0.97336764 0.22924971
vn 0.00000000 0.99595959 0.08980249
vn 0.00000000 0.99591707 -0.09027292
vn 0.00000000 0.96551167 -0.26035977
vn 0.00000000 0.90788363 -0.41922228
vn 0.00000000 0.81756508 -0.57583621
vn 0.00000000 0.62118551 -0.78366355
vn 0.00000000 0.31934340 -0.94763906
vn 0.00000000 0.10724744 -0.99423236
vn 0.00000000 -0.03272172 -0.99946450
vn 0.00000000 -0.12038550 -0.99272722
vn 0.00000000 -0.24224561 -0.97021496
vn 0.00000000 -0.58957402 -0.80771435
vn 0.00000000 -0.74768680 -0.66405154
vn 0.00000000 -0.54758954 -0.83674709
vn 0.00000000 -0.28177150 -0.95948154
vn 0.00000000 -0.18380607 -0.98296253
vn 0.00000000 -0.17236992 -0.98503229
vn 0.00000000 0.86589320 0.50022892
vn 0.00000000 0.92791943 0.37278082
vn 0.00000000 0.97357115 0.22838393
vn 0.00000000 0.57541599 0.81786089
vn 0.00000000 -0.09944373 0.99504319
vn 0.00000000 0.87256118 0.48850484
vn 0.00000000 0.93390070 0.35753248
vn 0.00000000 -0.99269460 0.12065418
vn 0.00000000 -0.90000285 0.43588402
vn 0.00000000 -0.47235504 0.88140837
vn 0.00000000 -0.09695592 0.99528868
vn 0.00000000 0.10089757 0.99489682
vn 0.00000000 0.23683789 0.97154918
vn 0.00000000 0.30790684 0.95141651
vn 0.00000000 0.35447485 0.93506555
vn 0.00000000 0.39828280 0.91726268
vn 0.00000000 0.42086723 0.90712225
vn 0.00000000 0.44756372 0.89425204
vn 0.00000000 0.38583394 0.92256825
vn 0.00000000 0.24523846 0.96946279
vn 0.00000000 0.08994859 0.99594641
vn 0.00000000 -0.09944373 0.99504319
vn 0.00000000 0.57541599 0.81786089
vn 0.00000000 0.97357115 0.22838393
vn 0.00000000 0.92791943 0.37278082
vn 0.00000000 0.86589320 0.50022892
vn 0.00000000 0.87256118 0.48850484
vn 0.00000000 0.93390070 0.35753248
vn 0.00000000 0.97336764 0.22924971
vn 0.00000000 0.93390070 0.35753248
vn 0.00000000 0.87256118 0.48850484
vn 0.00000000 0.86589320 0.50022892
vn 0.00000000 0.92791943 0.37278082
vn 0.00000000 0.97357115 0.22838393
vn 0.00000000 0.57541599 0.81786089
vn 0.00000000 -0.09944373 0.99504319
vn 0.00000000 0.08994859 0.99594641
vn 0.00000000 0.24523846 0.96946279
vn 0.00000000 0.38583394 0.92256825
vn 0.00000000 0.44756372 0.89425204
vn 0.00000000 0.42086723 0.90712225
vn 0.00000000 0.39828280 0.91726268
vn 0.00000000 0.35447485 0.93506555
vn 0.00000000 0.30790684 0.95141651
vn 0.00000000 0.23683789 0.97154918
vn 0.00000000 0.10089757 0.99489682
vn 0.00000000 -0.09695592 0.99528868
vn 0.00000000 -0.47235504 0.88140837
vn 0.00000000 -0.90000285 0.43588402
vn 0.00000000 -0.99397171 0.10963689
vn 0.00000000 -0.99903931 0.04382303
vn 0.00000000 -0.90328552 -0.42903993
vn 0.00000000 -0.43612633 -0.89988545
vn 0.00000000 -0.23763956 -0.97135341
vn 0.00000000 -0.24291134 -0.97004850
vn 0.00000000 -0.25052039 -0.96811132
vn 0.00000000 -0.20899239 -0.97791727
vn 0.00000000 -0.16281474 -0.98665666
vn 0.00000000 -0.18380607 -0.98296253
vn 0.00000000 -0.28177150 -0.95948154
vn 0.00000000 -0.54758954 -0.83674709
vn 0.00000000 -0.74768680 -0.66405154
vn 0.00000000 -0.58957402 -0.80771435
vn 0.00000000 -0.24224561 -0.97021496
vn 0.00000000 -0.12038550 -0.99272722
vn 0.00000000 -0.03272172 -0.99946450
vn 0.00000000 0.10724744 -0.99423236
vn 0.00000000 0.31934340 -0.94763906
vn 0.00000000 0.62118551 -0.78366355
vn 0.00000000 0.81756508 -0.57583621
vn 0.00000000 0.90788363 -0.41922228
vn 0.00000000 0.96551167 -0.26035977
vn 0.00000000 0.99591707 -0.09027292
vn 0.00000000 0.99595959 0.08980249
vn 0.00000000 0.97336764 0.22924971
vn 0.00000000 0.99595959 0.08980249
vn 0.00000000 0.99591707 -0.09027292
vn 0.00000000 0.96551167 -0.26035977
vn 0.00000000 0.90788363 -0.41922228
vn 0.00000000 0.81756508 -0.57583621
vn 0.00000000 0.62118551 -0.78366355
vn 0.00000000 0.31934340 -0.94763906
vn 0.00000000 0.10724744 -0.99423236
vn 0.00000000 -0.03272172 -0.99946450
vn 0.00000000 -0.12038550 -0.99272722
vn 0.00000000 -0.24224561 -0.97021496
vn 0.00000000 -0.58957402 -0.80771435
vn 0.00000000 -0.74768680 -0.66405154
vn 0.00000000 -0.54758954 -0.83674709
vn 0.00000000 -0.28177150 -0.95948154
vn 0.00000000 -0.18380607 -0.98296253
vn 0.00000000 -0.16281474 -0.98665666
vn 0.00000000 -0.20899239 -0.97791727
vn 0.00000000 -0.25052039 -0.96811132
vn 0.00000000 -0.24291134 -0.97004850
vn 0.00000000 -0.23763956 -0.97135341
vn 0.00000000 -0.43612633 -0.89988545
vn 0.00000000 -0.90328552 -0.42903993
vn 0.00000000 -0.99903931 0.04382303
vn 0.00000000 -0.99397171 0.10963689
vn 0.00000000 -0.90000285 0.43588402
vn 0.00000000 -0.47235504 0.88140837
vn 0.00000000 -0.09695592 0.99528868
vn 0.00000000 0.10089757 0.99489682
vn 0.00000000 0.23683789 0.97154918
vn 0.00000000 0.30790684 0.95141651
vn 0.00000000 0.35447485 0.93506555
vn 0.00000000 0.39828280 0.91726268
vn 0.00000000 0.42086723 0.90712225
vn 0.00000000 0.44756372 0.89425204
vn 0.00000000 0.38583394 0.92256825
vn 0.00000000 0.24523846 0.96946279
vn 0.00000000 0.08994859 0.99594641
vn 0.15714550 -0.74215640 0.65154369
vn -0.74293077 -0.17752649 0.64539772
vn 0.58586402 -0.60455692 0.53969831
vn 0.54945041 -0.44058297 0.70992316
vn 0.58586402 -0.60455692 -0.53969831
vn 0.54945041 -0.44058297 -0.70992316
vn 0.15714550 -0.74215640 -0.65154369
vn -0.74293077 -0.17752649 -0.64539772
vn 0.70826475 0.07961915 0.70144268
vn 0.70826475 0.07961915 -0.70144268
vn -0.18225886 0.34867281 -0.91935248
vn -0.18225886 0.34867281 0.91935248
vn -0.51921092 -0.64044106 0.56591101
vn -0.51921094 -0.64044104 -0.56591102
vn -0.51921156 0.64044092 -0.56591059
vn -0.51921161 0.64044087 0.56591060
vn -0.74663058 0.18259416 0.63968910
vn 0.23764100 -0.61776135 0.74959834
vn 0.10623014 -0.74690524 -0.65638992
vn -0.78025494 0.16470589 -0.60338562
vn -0.51551258 0.58501744 0.62610013
vn -0.12672667 -0.72869640 0.67300959
vn -0.25618241 -0.70241771 -0.66406320
vn -0.57873126 0.50229469 -0.64247193
vn 0.00530329 0.61464514 0.78878592
vn -0.00701269 -0.81276305 0.58255218
vn -0.00701269 -0.81276305 -0.58255218
vn 0.00530329 0.61464514 -0.78878592
vn 0.56747728 -0.00000000 -0.82338906
vn -0.39332727 -0.00000003 -0.91939853
vn -0.39332730 0.00000006 0.91939852
vn 0.56747728 0.00000000 0.82338906
vn -0.97622573 -0.16459494 0.14103842
vn -0.97622572 -0.16459502 -0.14103835
vn -0.97622575 0.16459515 -0.14103803
vn -0.97622573 0.16459499 0.14103833
vn -0.97746386 -0.00000007 -0.21110281
vn -0.97746395 0.00000004 0.21110242
vn -0.70004315 -0.54225633 -0.46464789
vn -0.69184360 -0.00000005 -0.72204739
vn -0.69184372 0.00000013 0.72204727
vn -0.70004317 -0.54225635 0.46464784
vn -0.70004393 0.54225543 -0.46464776
vn -0.70004392 0.54225534 0.46464789
vn -0.70710678 0.00000000 0.70710678
vn -0.57735027 0.57735027 0.57735027
vn 0.70710678 0.00000000 0.70710678
vn 0.57735027 0.57735027 0.57735027
vn 0.93702272 -0.25019860 -0.24369877
vn 0.73182467 0.65574357 -0.18556138
vn -0.93617460 -0.25186472 -0.24523719
vn -0.73182466 0.65574355 -0.18556149
vn -0.64027880 -0.25159658 0.72577009
vn 0.64027880 -0.25159658 0.72577009
vn 0.96239026 -0.26975088 -0.03224064
vn -0.96238296 -0.26977160 -0.03228495
vn -0.68356779 -0.51107786 0.52108972
vn 0.68356779 -0.51107786 0.52108972
vn 0.96190677 -0.27071922 -0.03803259
vn -0.96190672 -0.27071940 -0.03803262
vn -0.65097105 -0.69534253 0.30452497
vn 0.65097105 -0.69534253 0.30452497
vn 0.96681048 -0.24741106 -0.06375939
vn -0.96681044 -0.24741121 -0.06375945
vn -0.72487518 -0.67288131 0.14760325
vn 0.72487518 -0.67288131 0.14760325
vn 0.96559542 -0.23500844 -0.11133967
vn -0.96559539 -0.23500853 -0.11133976
vn -0.75998387 -0.56586430 0.31972192
vn 0.75998387 -0.56586430 0.31972192
vn 0.96856485 -0.19525980 -0.15412899
vn -0.96856481 -0.19525994 -0.15412903
vn -0.74720793 -0.25424576 0.61403534
vn 0.74720793 -0.25424576 0.61403534
vn 0.96611244 -0.15952059 -0.20292839
vn -0.96611241 -0.15952058 -0.20292855
vn -0.69109057 -0.21050806 0.69143343
vn 0.69109057 -0.21050806 0.69143343
vn 0.96922649 -0.09958815 -0.22512710
vn -0.96922647 -0.09958824 -0.22512714
vn -0.96167131 -0.18880478 -0.19884930
vn -0.73904161 -0.43339595 0.51573777
vn 0.73904161 -0.43339595 0.51573777
vn 0.96167137 -0.18880463 -0.19884915
vn -0.76774263 -0.07445564 0.63641780
vn 0.76774263 -0.07445564 0.63641780
vn 0.96460959 -0.05180357 -0.25854348
vn -0.96460955 -0.05180359 -0.25854361
vn -0.71460623 0.11726174 0.68962861
vn 0.71460623 0.11726174 0.68962861
vn 0.96017642 -0.04683487 -0.27544100
vn -0.96017637 -0.04683490 -0.27544115
vn -0.77380785 0.29086703 0.56268799
vn 0.77380785 0.29086703 0.56268799
vn 0.95132448 -0.14152158 -0.27377613
vn -0.95132443 -0.14152167 -0.27377628
vn -0.66426463 0.39006017 0.63765630
vn 0.66426463 0.39006017 0.63765630
vn 0.95633791 -0.22471409 -0.18687261
vn -0.95633786 -0.22471421 -0.18687273
vn -0.73627979 0.30658481 0.60323944
vn 0.73627979 0.30658481 0.60323944
vn 0.97154580 -0.16962736 -0.16530368
vn -0.97154578 -0.16962744 -0.16530377
vn -0.66013606 0.27166866 0.70029745
vn 0.66013606 0.27166866 0.70029745
vn 0.97146560 -0.09117742 -0.21895493
vn -0.97147131 -0.09114075 -0.21894489
vn -0.57119047 -0.52982310 0.62692019
vn 0.57119047 -0.52982309 0.62692021
vn 0.69871039 -0.68492367 -0.20659949
vn -0.69870033 -0.68494372 -0.20656706
vn 0.70031072 -0.23639160 -0.67356062
vn 0.54252350 0.65005128 -0.53207291
vn -0.70109707 -0.23909562 -0.67178581
vn -0.54252341 0.65005131 -0.53207297
vn 0.36338816 -0.20853700 -0.90799855
vn 0.26975181 0.67681625 -0.68494798
vn -0.36357639 -0.20878432 -0.90786635
vn -0.26975181 0.67681625 -0.68494798
vn 0.11634578 -0.19640903 -0.97359496
vn 0.08549252 0.68172668 -0.72659464
vn -0.11634552 -0.19640878 -0.97359504
vn -0.08549252 0.68172668 -0.72659464
vn 0.15040207 -0.98338615 -0.10164101
vn -0.15241976 -0.98272305 -0.10499346
vn 0.13455041 -0.98387216 -0.11786329
vn -0.13461517 -0.98385155 -0.11796139
vn 0.13448705 -0.98127907 -0.13785725
vn -0.13448706 -0.98127905 -0.13785738
vn 0.13641963 -0.95930818 -0.24721953
vn -0.13641950 -0.95930819 -0.24721957
vn 0.13581995 -0.89533406 -0.42418139
vn -0.13581993 -0.89533414 -0.42418123
vn 0.13742676 -0.77748115 -0.61370754
vn -0.13742684 -0.77748110 -0.61370759
vn 0.13606545 -0.61225876 -0.77886161
vn -0.13606534 -0.61225892 -0.77886150
vn 0.13785152 -0.40068704 -0.90578521
vn -0.13785161 -0.40068701 -0.90578521
vn -0.13442677 -0.68230475 -0.71860258
vn 0.13442693 -0.68230484 -0.71860247
vn 0.13539250 -0.19465308 -0.97148291
vn -0.13539250 -0.19465301 -0.97148293
vn 0.13412131 -0.16611532 -0.97694277
vn -0.13412131 -0.16611539 -0.97694276
vn 0.13618070 -0.45492270 -0.88005691
vn -0.13618072 -0.45492266 -0.88005692
vn 0.13400335 -0.76194105 -0.63363155
vn -0.13400333 -0.76194105 -0.63363155
vn 0.13954479 -0.70916799 -0.69109190
vn -0.13954480 -0.70916801 -0.69109188
vn 0.13964108 -0.38175195 -0.91365520
vn -0.13955876 -0.38163677 -0.91371589
vn 0.09056335 -0.34032980 -0.93593478
vn -0.09036664 -0.34049016 -0.93589547
vn 0.11393953 -0.98311973 -0.14315513
vn -0.11618278 -0.98264773 -0.14458560
vn 0.06448935 -0.97862136 -0.19529813
vn -0.06533518 -0.97853686 -0.19544035
vn 0.02181151 -0.97875840 -0.20385350
vn -0.02181157 -0.97875839 -0.20385353
vn 0.60090168 -0.79366437 -0.09494231
vn 0.61673254 -0.75930742 -0.20758908
vn -0.61723479 -0.75768025 -0.21199496
vn -0.60087056 -0.79366986 -0.09509326
vn 0.59974743 -0.79240782 -0.11132321
vn -0.59974735 -0.79240787 -0.11132334
vn 0.61307499 -0.76502927 -0.19715291
vn -0.61307500 -0.76502925 -0.19715296
vn 0.60951426 -0.71643738 -0.33942575
vn -0.60951414 -0.71643752 -0.33942568
vn 0.61853551 -0.61676308 -0.48684405
vn -0.61853533 -0.61676321 -0.48684412
vn 0.61100774 -0.48922804 -0.62235478
vn 0.59917533 -0.55126804 -0.58059665
vn -0.59917540 -0.55126793 -0.58059669
vn -0.61100769 -0.48922808 -0.62235480
vn 0.62069751 -0.31718698 -0.71702651
vn -0.62069727 -0.31718713 -0.71702666
vn 0.60675354 -0.15616579 -0.77939873
vn -0.60675342 -0.15616573 -0.77939884
vn 0.59568558 -0.13464329 -0.79185218
vn -0.59568547 -0.13464339 -0.79185225
vn 0.58084057 -0.37379730 -0.72311812
vn -0.58084047 -0.37379729 -0.72311820
vn 0.58787901 -0.62198105 -0.51724060
vn -0.58787892 -0.62198109 -0.51724065
vn 0.62875048 -0.55690296 -0.54270796
vn -0.62875034 -0.55690304 -0.54270803
vn 0.62859522 -0.29982489 -0.71761625
vn -0.62864258 -0.29965881 -0.71764414
vn 0.42493945 -0.62334297 -0.65640689
vn -0.42489765 -0.62344690 -0.65633524
vn -0.46874234 -0.74040573 -0.48174680
vn 0.46643646 -0.74061754 -0.48365555
vn -0.25337497 -0.71313286 -0.65363801
vn 0.25288110 -0.71270440 -0.65429625
vn -0.08305013 -0.69898100 -0.71030151
vn 0.08305043 -0.69898080 -0.71030167
vn -0.72179095 -0.54475489 0.42691912
vn -0.41161989 -0.75180843 0.51512440
vn 0.72179095 -0.54475489 0.42691912
vn 0.41161989 -0.75180843 0.51512440
vn 0.73525171 -0.29231302 -0.61152107
vn 0.49521973 -0.46636371 -0.73298179
vn -0.73525171 -0.29231302 -0.61152107
vn -0.49521973 -0.46636371 -0.73298179
vn -0.70824118 -0.52429973 0.47276233
vn 0.70824118 -0.52429973 0.47276233
vn 0.74049668 -0.12211643 -0.66087234
vn -0.74049668 -0.12211643 -0.66087234
vn -0.75666747 -0.38202581 0.53057575
vn 0.75666747 -0.38202581 0.53057575
vn 0.74851154 0.08915484 -0.65710112
vn -0.74851154 0.08915484 -0.65710112
vn -0.72858480 -0.21754938 0.64948938
vn 0.72858480 -0.21754938 0.64948938
vn 0.69825454 0.19106146 -0.68988123
vn -0.69825454 0.19106146 -0.68988123
vn -0.72691824 -0.09890900 0.67956374
vn 0.72691824 -0.09890900 0.67956374
vn 0.68831380 0.10448192 -0.71784931
vn -0.68831380 0.10448192 -0.71784931
vn -0.73754870 0.04828294 0.67356564
vn 0.73754870 0.04828294 0.67356564
vn 0.68038560 -0.04750630 -0.73131292
vn -0.68038560 -0.04750630 -0.73131292
vn -0.73714667 0.21924963 0.63917477
vn 0.73714667 0.21924963 0.63917477
vn 0.68248471 -0.21734839 -0.69783544
vn -0.68248471 -0.21734839 -0.69783544
vn -0.73376166 0.36868831 0.57066869
vn 0.73376166 0.36868831 0.57066869
vn 0.67817122 -0.38396236 -0.62662325
vn -0.67817122 -0.38396236 -0.62662325
vn -0.74165867 0.49740562 0.45003342
vn 0.74165867 0.49740562 0.45003342
vn 0.67375190 -0.55028765 -0.49319558
vn -0.67375190 -0.55028765 -0.49319558
vn -0.74187548 0.60662909 0.28569550
vn 0.74187548 0.60662909 0.28569550
vn 0.67673093 -0.66816208 -0.30918389
vn -0.67673093 -0.66816208 -0.30918389
vn -0.72179059 0.67419271 0.15646897
vn 0.72179059 0.67419271 0.15646897
vn 0.69321352 -0.70190350 -0.16366581
vn -0.69321352 -0.70190350 -0.16366581
vn -0.70961409 0.69636620 0.10734040
vn 0.70961409 0.69636620 0.10734040
vn 0.70438535 -0.70142015 -0.10886251
vn -0.70438535 -0.70142015 -0.10886251
vn -0.72241978 0.68950354 0.05190888
vn 0.72241978 0.68950354 0.05190888
vn 0.69671747 -0.71411144 -0.06804127
vn -0.69671747 -0.71411144 -0.06804127
vn -0.72896911 0.68201508 -0.05881720
vn 0.72896911 0.68201508 -0.05881720
vn 0.68147985 -0.73003643 0.05130331
vn -0.68147985 -0.73003643 0.05130331
vn -0.75256402 0.61347473 -0.23936616
vn 0.75256402 0.61347473 -0.23936616
vn 0.67364740 -0.69550822 0.24993499
vn -0.67364740 -0.69550822 0.24993499
vn -0.71134266 0.58704105 -0.38648987
vn 0.71134266 0.58704105 -0.38648987
vn 0.73523843 -0.62925430 0.25191959
vn -0.73523843 -0.62925430 0.25191959
vn -0.73923337 0.49814782 -0.45319176
vn 0.73923337 0.49814782 -0.45319176
vn 0.75642337 -0.65315997 0.03472391
vn -0.75642337 -0.65315997 0.03472391
vn -0.71302139 0.43502520 -0.54986686
vn 0.71302139 0.43502520 -0.54986686
vn 0.73122107 -0.65959511 -0.17392535
vn -0.73122107 -0.65959511 -0.17392535
vn -0.54942620 0.81822825 0.16921400
vn 0.54942620 0.81822825 0.16921400
vn 0.55228134 -0.62552860 0.55108918
vn -0.55228134 -0.62552860 0.55108918
vn -1.00000000 0.00000000 0.00000000
vn 1.00000000 0.00000000 0.00000000
vn -0.64371660 -0.76526396 -0.00000000
vn 0.64371660 -0.76526396 -0.00000000
vn -0.64371693 -0.61911122 -0.44981086
vn 0.64371693 -0.61911122 -0.44981086
vn -0.64371674 -0.23647974 -0.72780910
vn 0.64371674 -0.23647974 -0.72780910
vn -0.64371674 0.23647974 -0.72780910
vn 0.64371674 0.23647974 -0.72780910
vn -0.64371693 0.61911122 -0.44981086
vn 0.64371693 0.61911122 -0.44981086
vn -0.64371660 0.76526396 0.00000000
vn 0.64371660 0.76526396 0.00000000
vn -0.64371693 0.61911122 0.44981086
vn 0.64371693 0.61911122 0.44981086
vn -0.64371674 0.23647974 0.72780910
vn 0.64371674 0.23647974 0.72780910
vn -0.64371674 -0.23647974 0.72780910
vn 0.64371674 -0.23647974 0.72780910
vn -0.64371693 -0.61911122 0.44981086
vn 0.64371693 -0.61911122 0.44981086
vn 0.25658963 -0.92961740 -0.26452457
vn -0.25658968 -0.92961740 -0.26452454
vn -0.35015903 -0.87721164 0.32846370
vn 0.35015897 -0.87721164 0.32846374
vn 0.58754358 -0.63341519 -0.50356504
vn -0.58754358 -0.63341519 -0.50356504
vn -0.56836770 -0.51201727 0.64404694
vn 0.56836770 -0.51201727 0.64404694
vn 0.00000000 0.00000000 -1.00000000
vn 0.00000000 0.00000000 -1.00000000
vn -0.86746056 0.00000000 0.49750595
vn 0.92864299 -0.00000001 -0.37097466
vn -0.80142904 0.33196274 0.49750602
vn 0.85795425 -0.35537624 -0.37097469
vn -0.61338724 0.61338724 0.49750598
vn 0.65664974 -0.65664974 -0.37097470
vn -0.33196274 0.80142904 0.49750602
vn 0.35537625 -0.85795425 -0.37097469
vn -0.00000000 0.86746056 0.49750595
vn -0.00000001 -0.92864299 -0.37097466
vn 0.33196274 0.80142904 0.49750602
vn -0.35537624 -0.85795425 -0.37097469
vn 0.61338724 0.61338724 0.49750598
vn -0.65664974 -0.65664974 -0.37097470
vn 0.80142904 0.33196274 0.49750602
vn -0.85795425 -0.35537625 -0.37097469
vn 0.86746056 0.00000000 0.49750595
vn -0.92864299 0.00000001 -0.37097466
vn 0.80142904 -0.33196274 0.49750602
vn -0.85795425 0.35537624 -0.37097469
vn 0.61338724 -0.61338724 0.49750598
vn -0.65664974 0.65664974 -0.37097470
vn 0.33196274 -0.80142904 0.49750602
vn -0.35537625 0.85795425 -0.37097469
vn 0.00000000 -0.86746056 0.49750595
vn 0.00000001 0.92864299 -0.37097466
vn -0.33196274 -0.80142904 0.49750602
vn 0.35537624 0.85795425 -0.37097469
vn -0.61338724 -0.61338724 0.49750598
vn 0.65664974 0.65664974 -0.37097470
vn -0.80142904 -0.33196274 0.49750602
vn 0.85795425 0.35537625 -0.37097469
vn -0.91411255 -0.00000002 -0.40546053
vn -0.84452993 0.34981571 -0.40546044
vn -0.64637522 0.64637522 -0.40546042
vn -0.34981570 0.84452994 -0.40546042
vn -0.00000002 0.91411255 -0.40546053
vn 0.34981571 0.84452993 -0.40546044
vn 0.64637522 0.64637522 -0.40546042
vn 0.84452994 0.34981570 -0.40546042
vn 0.91411255 0.00000002 -0.40546053
vn 0.84452993 -0.34981571 -0.40546044
vn 0.64637522 -0.64637522 -0.40546042
vn 0.34981570 -0.84452994 -0.40546042
vn 0.00000002 -0.91411255 -0.40546053
vn -0.34981571 -0.84452993 -0.40546044
vn -0.64637522 -0.64637522 -0.40546042
vn -0.84452994 -0.34981570 -0.40546042
vn 0.41722446 -0.00000001 -0.90880347
vn 0.38546512 -0.15966486 -0.90880349
vn 0.29502221 -0.29502221 -0.90880349
vn 0.15966487 -0.38546511 -0.90880349
vn -0.00000001 -0.41722446 -0.90880347
vn -0.15966486 -0.38546512 -0.90880349
vn -0.29502221 -0.29502221 -0.90880349
vn -0.38546511 -0.15966487 -0.90880349
vn -0.41722446 0.00000001 -0.90880347
vn -0.38546512 0.15966486 -0.90880349
vn -0.29502221 0.29502221 -0.90880349
vn -0.15966487 0.38546511 -0.90880349
vn 0.00000001 0.41722446 -0.90880347
vn 0.15966486 0.38546512 -0.90880349
vn 0.29502221 0.29502221 -0.90880349
vn 0.38546511 0.15966487 -0.90880349
vn -0.33631933 -0.00000001 -0.94174801
vn -0.31071865 0.12870388 -0.94174797
vn -0.23781376 0.23781376 -0.94174797
vn -0.12870386 0.31071865 -0.94174797
vn -0.00000001 0.33631933 -0.94174801
vn 0.12870388 0.31071865 -0.94174797
vn 0.23781376 0.23781376 -0.94174797
vn 0.31071865 0.12870386 -0.94174797
vn 0.33631933 0.00000001 -0.94174801
vn 0.31071865 -0.12870388 -0.94174797
vn 0.23781376 -0.23781376 -0.94174797
vn 0.12870386 -0.31071865 -0.94174797
vn 0.00000001 -0.33631933 -0.94174801
vn -0.12870388 -0.31071865 -0.94174797
vn -0.23781376 -0.23781376 -0.94174797
vn -0.31071865 -0.12870386 -0.94174797
vn -0.74620260 0.00000000 -0.66571891
vn -0.68940135 0.28555934 -0.66571889
vn -0.52764494 0.52764494 -0.66571889
vn -0.28555934 0.68940135 -0.66571889
vn 0.00000000 0.74620260 -0.66571891
vn 0.28555934 0.68940135 -0.66571889
vn 0.52764494 0.52764494 -0.66571889
vn 0.68940135 0.28555934 -0.66571889
vn 0.74620260 0.00000000 -0.66571891
vn 0.68940135 -0.28555934 -0.66571889
vn 0.52764494 -0.52764494 -0.66571889
vn 0.28555934 -0.68940135 -0.66571889
vn -0.00000000 -0.74620260 -0.66571891
vn -0.28555934 -0.68940135 -0.66571889
vn -0.52764494 -0.52764494 -0.66571889
vn -0.68940135 -0.28555934 -0.66571889
vn 0.00000000 0.00000000 -1.00000000
vn -0.00000000 -0.00000000 -1.00000000
vn -0.00000000 0.00000000 -1.00000000
vn 0.00000000 -0.00000000 -1.00000000
vn 0.00000000 -0.00000000 -1.00000000
vn -0.00000000 0.00000000 -1.00000000
vn 0.00000000 0.00000000 -1.00000000
vn -0.00000000 -0.00000000 -1.00000000
vn -0.00000000 -0.00000000 -1.00000000
vn 0.00000000 0.00000000 -1.00000000
vn 0.00000000 -0.00000000 -1.00000000
vn -0.00000000 0.00000000 -1.00000000
vn -0.00000000 0.00000000 -1.00000000
vn 0.00000000 -0.00000000 -1.00000000
vn -0.00000000 -0.00000000 -1.00000000
vn 0.00000000 0.00000000 -1.00000000
vn 0.74249802 -0.01490183 0.66968249
vn 0.68940134 -0.28555939 0.66571889
vn 0.52764492 -0.52764494 0.66571890
vn 0.28555937 -0.68940134 0.66571889
vn -0.00000000 -0.74620261 0.66571890
vn -0.28555935 -0.68940134 0.66571890
vn -0.52764496 -0.52764493 0.66571888
vn -0.68940131 -0.28555939 0.66571892
vn -0.74620264 -0.00000000 0.66571887
vn -0.68940131 0.28555939 0.66571892
vn -0.52764496 0.52764493 0.66571888
vn -0.31895798 0.66346359 0.67681745
vn -0.04185670 0.75438515 0.65509623
vn 0.28343565 0.68974553 0.66626972
vn 0.57966163 0.49236392 0.64928435
vn 0.70415973 0.20903483 0.67857462
vn -0.52764496 -0.52764493 -0.66571888
vn -0.68940131 -0.28555939 -0.66571892
vn -0.74620264 -0.00000000 -0.66571887
vn -0.68940131 0.28555939 -0.66571892
vn -0.52764496 0.52764493 -0.66571888
vn -0.31895798 0.66346359 -0.67681745
vn -0.04185670 0.75438515 -0.65509623
vn 0.28343565 0.68974553 -0.66626972
vn 0.57966163 0.49236392 -0.64928435
vn 0.70415973 0.20903483 -0.67857462
vn 0.74249802 -0.01490183 -0.66968249
vn 0.68940134 -0.28555939 -0.66571889
vn 0.52764492 -0.52764494 -0.66571890
vn 0.28555937 -0.68940134 -0.66571889
vn -0.00000000 -0.74620261 -0.66571890
vn -0.28555935 -0.68940134 -0.66571890
vn -0.84374165 -0.34948919 -0.40737862
vn -0.64577188 -0.64577188 -0.40737864
vn -0.34948919 -0.84374165 -0.40737862
vn 0.00000000 -0.91325934 -0.40737866
vn 0.34948919 -0.84374165 -0.40737862
vn 0.64577188 -0.64577188 -0.40737864
vn 0.84374165 -0.34948919 -0.40737862
vn 0.91325934 0.00000000 -0.40737866
vn 0.84374165 0.34948919 -0.40737862
vn 0.64577188 0.64577188 -0.40737864
vn 0.34948919 0.84374165 -0.40737862
vn -0.00000000 0.91325934 -0.40737866
vn -0.34948919 0.84374165 -0.40737862
vn -0.64577188 0.64577188 -0.40737864
vn -0.84374165 0.34948919 -0.40737862
vn -0.91325934 0.00000000 -0.40737866
vn 0.00000000 0.00000000 -1.00000000
vn -0.68940136 -0.28555936 -0.66571888
vn -0.52764493 -0.52764493 -0.66571890
vn -0.28555936 -0.68940136 -0.66571888
vn 0.00000000 -0.74620260 -0.66571892
vn 0.28555936 -0.68940136 -0.66571888
vn 0.52764493 -0.52764493 -0.66571890
vn 0.68940136 -0.28555936 -0.66571888
vn 0.74620260 0.00000000 -0.66571892
vn 0.68940136 0.28555936 -0.66571888
vn 0.52764493 0.52764493 -0.66571890
vn 0.28555936 0.68940136 -0.66571888
vn -0.00000000 0.74620260 -0.66571892
vn -0.28555936 0.68940136 -0.66571888
vn -0.52764493 0.52764493 -0.66571890
vn -0.68940136 0.28555936 -0.66571888
vn -0.74620260 0.00000000 -0.66571892
vn -0.57424467 0.56117775 0.59608942
vn -0.72545078 0.01327354 0.68814605
vn -0.55560753 0.42513059 -0.71453779
vn -0.70675751 -0.33850114 -0.62121719
vn -0.72350156 -0.28724765 -0.62772150
vn -0.70887423 0.07513265 0.70132190
vn -0.74153131 -0.14062449 -0.65601529
vn -0.68752727 0.01817802 0.72593100
vn -0.74734799 0.07025818 -0.66070778
vn -0.66763511 -0.18497836 0.72114240
vn -0.75417717 0.29994678 -0.58416498
vn -0.67432693 -0.41136274 0.61324048
vn -0.69508457 0.41656145 -0.58594709
vn -0.67172405 -0.58490377 0.45461454
vn -0.56620328 -0.27239075 -0.77795702
vn -0.62676747 -0.77667920 0.06270533
vn 0.57424467 0.56117775 0.59608942
vn 0.72545078 0.01327354 0.68814605
vn 0.55560753 0.42513059 -0.71453779
vn 0.70675751 -0.33850114 -0.62121719
vn 0.72350156 -0.28724765 -0.62772150
vn 0.70887423 0.07513265 0.70132190
vn 0.74153131 -0.14062449 -0.65601529
vn 0.68752727 0.01817802 0.72593100
vn 0.74734799 0.07025818 -0.66070778
vn 0.66763511 -0.18497836 0.72114240
vn 0.75417717 0.29994678 -0.58416498
vn 0.67432693 -0.41136274 0.61324048
vn 0.69508457 0.41656145 -0.58594709
vn 0.67172405 -0.58490377 0.45461454
vn 0.56620328 -0.27239075 -0.77795702
vn 0.62676747 -0.77667920 0.06270533
vn -0.70710678 -0.70710678 0.00000000
vn -0.65148606 0.74067112 0.16423216
vn 0.70710678 -0.70710678 0.00000000
vn 0.65148606 0.74067112 0.16423216
vn 0.57735027 -0.57735027 -0.57735027
vn 0.64329827 0.23830621 -0.72758332
vn -0.57735027 -0.57735027 -0.57735027
vn -0.64329827 0.23830621 -0.72758332
vn -0.69525324 0.71468747 -0.07645092
vn -0.70710678 -0.70710678 0.00000000
vn 0.70710678 -0.70710678 0.00000000
vn 0.69525324 0.71468747 -0.07645092
vn -0.67968600 0.70348171 -0.20770272
vn -0.70710678 -0.70710678 0.00000000
vn 0.70710678 -0.70710678 0.00000000
vn 0.67968600 0.70348171 -0.20770272
vn -0.67810905 0.62707957 -0.38332665
vn -0.70710678 -0.70710678 0.00000000
vn 0.70710678 -0.70710678 0.00000000
vn 0.67810905 0.62707957 -0.38332665
vn -0.67963154 0.50550349 -0.53157049
vn -0.70710678 -0.70710678 0.00000000
vn 0.70710678 -0.70710678 0.00000000
vn 0.67963154 0.50550349 -0.53157049
vn -0.70710678 -0.70710678 0.00000000
vn -0.65210931 0.55095413 0.52077154
vn 0.70710678 -0.70710678 0.00000000
vn 0.65210931 0.55095413 0.52077154
vn -0.70710678 -0.70710678 0.00000000
vn -0.66537256 0.25429649 0.70186369
vn 0.70710678 -0.70710678 0.00000000
vn 0.66537256 0.25429649 0.70186369
vn -0.57735027 -0.57735027 0.57735027
vn -0.69067935 0.05400103 0.72114210
vn 0.57735027 -0.57735027 0.57735027
vn 0.69067935 0.05400103 0.72114210
vn -0.58911363 -0.42690782 0.68607203
vn -0.55718633 0.70899662 0.43228137
vn 0.58911361 -0.42690784 0.68607205
vn 0.55718637 0.70899659 0.43228137
vn 0.58911361 -0.42690784 -0.68607205
vn 0.55718637 0.70899659 -0.43228137
vn -0.58911363 -0.42690782 -0.68607203
vn -0.55718633 0.70899662 -0.43228137
vn -0.75010271 -0.66132135 0.00000000
vn 0.75010267 -0.66132140 0.00000000
vn 0.99802753 0.06277784 0.00000000
vn -0.99802752 0.06277790 0.00000000
vn -0.75010271 -0.66132135 0.00000000
vn 0.75010267 -0.66132140 0.00000000
vn 0.88116458 0.36927329 -0.29527311
vn -0.88116456 0.36927336 -0.29527311
vn -0.75010271 -0.66132135 0.00000000
vn 0.75010267 -0.66132140 0.00000000
vn 0.88116458 0.36927329 0.29527311
vn -0.88116456 0.36927336 0.29527311
vn 0.99168853 0.12866180 0.00000000
vn -0.99168853 0.12866180 0.00000000
vn 0.72779610 0.09442436 -0.67926201
vn -0.72779610 0.09442436 -0.67926201
vn 0.72779610 0.09442436 0.67926201
vn -0.72779610 0.09442436 0.67926201
vn 0.86645770 0.49925050 0.00000000
vn -0.86645783 0.49925027 0.00000000
vn 0.65645035 0.37824485 -0.65268964
vn -0.65645041 0.37824465 -0.65268969
vn 0.65645035 0.37824485 0.65268964
vn -0.65645041 0.37824465 0.65268969
vn 0.54485528 0.83853010 0.00000000
vn -0.54485538 0.83853004 0.00000000
vn 0.40759409 0.62728568 -0.66361113
vn -0.40759420 0.62728569 -0.66361105
vn 0.40759409 0.62728568 0.66361113
vn -0.40759420 0.62728569 0.66361105
vn 0.18348694 0.98302215 0.00000000
vn -0.18348679 0.98302218 0.00000000
vn 0.13653639 0.73148693 -0.66804542
vn -0.13653627 0.73148692 -0.66804545
vn 0.13653639 0.73148693 0.66804542
vn -0.13653627 0.73148692 0.66804545
vn 0.00000000 -1.00000000 0.00000000
vn 0.00000000 -0.54164676 -0.84060620
vn 0.00000000 0.84060620 -0.54164676
vn 0.00000000 0.70710678 -0.70710678
vn 0.00000000 0.70710678 -0.70710678
vn 0.00000000 -0.54164676 0.84060620
vn 0.00000000 0.84060620 0.54164676
vn 0.00000000 0.70710678 0.70710678
vn 0.00000000 -0.54164676 -0.84060620
vn 0.00000000 -1.00000000 0.00000000
vn 0.00000000 -1.00000000 0.00000000
vn 0.00000000 -1.00000000 0.00000000
vn 0.00000000 0.70710678 0.70710678
vn 0.00000000 0.70710678 0.70710678
vn 0.00000000 0.84060620 0.54164676
vn 0.00000000 -0.54164676 0.84060620
vn 0.00000000 -1.00000000 0.00000000
vn 0.00000000 -1.00000000 0.00000000
vn 0.00000000 -0.54164676 -0.84060620
vn 0.00000000 -1.00000000 0.00000000
vn 0.00000000 -1.00000000 0.00000000
vn 0.00000000 -1.00000000 0.00000000
vn 0.00000000 -0.54164676 0.84060620
vn 0.00000000 0.84060620 0.54164676
vn 0.00000000 0.70710678 0.70710678
vn 0.00000000 0.00000000 1.00000000
vn 0.00000000 0.00000000 1.00000000
vn 0.00000000 0.00000000 1.00000000
vn 0.00000000 0.70710678 0.70710678
vn 0.00000000 1.00000000 0.00000000
vn 0.00000000 0.70710678 -0.70710678
vn 0.00000000 0.00000000 -1.00000000
vn 0.00000000 0.00000000 -1.00000000
vn 0.00000000 0.00000000 -1.00000000
vn 0.00000000 0.70710678 -0.70710678
vn 0.00000000 0.84060620 -0.54164676
vn 0.00000000 -0.54164676 -0.84060620
vn 0.00000000 -1.00000000 0.00000000
vn 0.00000000 -1.00000000 0.00000000
vn 0.00000000 -1.00000000 0.00000000
vn 0.00000000 -0.54164676 0.84060620
vn 0.00000000 0.84060620 0.54164676
vn 0.00000000 0.70710678 0.70710678
vn 0.00000000 0.00000000 1.00000000
vn 0.00000000 0.00000000 1.00000000
vn 0.00000000 0.00000000 1.00000000
vn 0.00000000 0.70710678 0.70710678
vn 0.00000000 1.00000000 0.00000000
vn 0.00000000 0.70710678 -0.70710678
vn 0.00000000 0.00000000 -1.00000000
vn 0.00000000 0.00000000 -1.00000000
vn 0.00000000 0.00000000 -1.00000000
vn 0.00000000 0.70710678 -0.70710678
vn 0.00000000 0.84060620 -0.54164676
vn 0.00000000 0.84060620 -0.54164676
vn 0.00000000 -0.54164676 -0.84060620
vn 0.00000000 -1.00000000 0.00000000
vn 0.00000000 -1.00000000 0.00000000
vn 0.00000000 -1.00000000 0.00000000
vn 0.00000000 -0.54164676 0.84060620
vn 0.00000000 0.84060620 0.54164676
vn 0.00000000 0.70710678 0.70710678
vn -0.30151134 0.30151134 0.90453403
vn -0.70710678 0.00000000 0.70710678
vn -0.70710678 0.00000000 0.70710678
vn -0.57735027 0.57735027 0.57735027
vn 0.00000000 1.00000000 0.00000000
vn -0.57735027 0.57735027 -0.57735027
vn -0.70710678 0.00000000 -0.70710678
vn -0.70710678 0.00000000 -0.70710678
vn -0.30151134 0.30151134 -0.90453403
vn 0.00000000 0.70710678 -0.70710678
vn 0.00000000 0.84060620 -0.54164676
vn 0.00000000 0.70710678 -0.70710678
vn 0.30151038 0.30149868 -0.90453858
vn 0.70712976 0.00004477 -0.70708380
vn 0.70708816 0.00005848 -0.70712540
vn 0.57735027 0.57735027 -0.57735027
vn 0.00000000 1.00000000 0.00000000
vn 0.57735027 0.57735027 0.57735027
vn 0.70708816 0.00005848 0.70712540
vn 0.70712976 0.00004477 0.70708380
vn 0.30151038 0.30149868 0.90453858
vn 0.87374685 0.36191785 -0.32493370
vn 0.00000000 0.00000000 -1.00000000
vn -0.58137815 0.58137818 -0.56920897
vn 0.94573675 0.00000003 -0.32493385
vn -0.30642794 0.30642796 -0.90122351
vn 0.87374689 -0.36191788 -0.32493358
vn -0.75960717 0.31463953 -0.56920903
vn 0.66873691 -0.66873681 -0.32493387
vn -0.40036735 0.16583761 -0.90122354
vn 0.36191781 -0.87374690 -0.32493363
vn -0.31463953 0.75960735 -0.56920878
vn -0.00000000 -0.94573683 -0.32493361
vn -0.16583758 0.40036736 -0.90122354
vn -0.36191782 -0.87374684 -0.32493375
vn -0.82219294 0.00000002 -0.56920890
vn -0.66873692 -0.66873692 -0.32493362
vn -0.43335439 -0.00000002 -0.90122360
vn -0.87374692 -0.36191784 -0.32493352
vn -0.75960715 -0.31463959 -0.56920902
vn -0.94573697 0.00000004 -0.32493319
vn -0.40036736 -0.16583758 -0.90122354
vn -0.87374687 0.36191783 -0.32493368
vn -0.00000009 0.82219262 -0.56920936
vn -0.66873691 0.66873694 -0.32493360
vn 0.00000002 0.43335461 -0.90122349
vn -0.36191787 0.87374705 -0.32493315
vn -0.58137817 -0.58137816 -0.56920897
vn -0.00000016 0.94573654 -0.32493446
vn -0.30642796 -0.30642795 -0.90122351
vn 0.36191807 0.87374704 -0.32493296
vn -0.31463953 -0.75960715 -0.56920905
vn 0.66873683 0.66873689 -0.32493387
vn -0.16583759 -0.40036739 -0.90122353
vn 0.10157323 0.04207300 -0.99393800
vn 0.10994207 0.00000001 -0.99393800
vn 0.10157325 -0.04207302 -0.99393799
vn 0.07774078 -0.07774077 -0.99393800
vn 0.04207301 -0.10157322 -0.99393800
vn -0.00000000 -0.10994207 -0.99393800
vn -0.04207301 -0.10157322 -0.99393800
vn -0.07774074 -0.07774076 -0.99393800
vn -0.10157326 -0.04207300 -0.99393799
vn -0.10994205 -0.00000000 -0.99393800
vn -0.10157324 0.04207300 -0.99393800
vn -0.07774075 0.07774074 -0.99393800
vn -0.04207301 0.10157325 -0.99393799
vn 0.00000000 0.10994213 -0.99393799
vn 0.04207302 0.10157326 -0.99393799
vn 0.07774077 0.07774076 -0.99393800
vn 0.43335459 -0.00000001 -0.90122350
vn 0.82219282 0.00000001 -0.56920907
vn 0.40036734 0.16583764 -0.90122354
vn 0.75960714 0.31463956 -0.56920904
vn 0.40036734 -0.16583759 -0.90122355
vn 0.75960715 -0.31463961 -0.56920901
vn 0.30642796 -0.30642796 -0.90122351
vn 0.58137812 -0.58137812 -0.56920907
vn 0.30642796 0.30642794 -0.90122351
vn 0.58137810 0.58137816 -0.56920905
vn 0.16583761 -0.40036740 -0.90122352
vn 0.31463959 -0.75960717 -0.56920900
vn -0.00000000 -0.43335455 -0.90122352
vn -0.00000000 -0.82219288 -0.56920898
vn 0.16583756 0.40036736 -0.90122354
vn 0.31463968 0.75960731 -0.56920875
vn 0.00000000 0.00000000 -1.00000000
vn 0.00000000 0.00000000 -1.00000000
vn 0.00000000 0.00000000 -1.00000000
vn 0.00000000 0.00000000 -1.00000000
vn 0.00000000 0.00000000 -1.00000000
vn 0.00000000 0.00000000 -1.00000000
vn 0.00000000 0.00000000 -1.00000000
vn 0.00000000 0.00000000 -1.00000000
vn 0.00000000 0.00000000 -1.00000000
vn 0.00000000 0.00000000 -1.00000000
vn 0.00000000 0.00000000 -1.00000000
vn 0.00000000 0.00000000 -1.00000000
vn 0.00000000 0.00000000 -1.00000000
vn 0.00000000 0.00000000 -1.00000000
vn 0.00000000 0.00000000 -1.00000000
vn 0.00000000 0.00000000 1.00000000
vn 0.00000000 0.00000000 1.00000000
vn 0.73273240 -0.22075308 -0.64371679
vn 0.93885060 -0.28285122 0.19635361
vn 0.72254835 0.25209648 -0.64371675
vn 0.92580183 0.32301140 0.19635327
vn 0.43637543 0.62865337 -0.64371689
vn 0.55912831 0.80549427 0.19635302
vn -0.01647822 0.76508649 -0.64371665
vn -0.02111350 0.98030589 0.19635319
vn -0.46303781 0.60928202 -0.64371687
vn -0.59329089 0.78067369 0.19635303
vn -0.73273246 0.22075296 -0.64371676
vn -0.93885077 0.28285091 0.19635325
vn -0.72254829 -0.25209649 -0.64371680
vn -0.92580176 -0.32301152 0.19635338
vn -0.43637516 -0.62865370 -0.64371674
vn -0.55912789 -0.80549445 0.19635349
vn 0.01647822 -0.76508630 -0.64371688
vn 0.02111365 -0.98030585 0.19635337
vn 0.46303747 -0.60928240 -0.64371675
vn 0.59329028 -0.78067399 0.19635367
vn 0.21255308 -0.06403667 0.97504897
vn 0.20959866 0.07312914 0.97504899
vn 0.12658465 0.18236125 0.97504908
vn -0.00477969 0.22193778 0.97504911
vn -0.13431909 0.17674221 0.97504901
vn -0.21255298 0.06403642 0.97504901
vn -0.20959858 -0.07312872 0.97504904
vn -0.12658482 -0.18236146 0.97504901
vn 0.00478020 -0.22193835 0.97504898
vn 0.13431894 -0.17674217 0.97504904
vn 0.68917558 0.24045234 0.68353470
vn 0.69888905 -0.21055695 0.68353483
vn 0.41622017 0.59961776 0.68353443
vn -0.01571699 0.72974892 0.68353456
vn -0.44165125 0.58114104 0.68353440
vn -0.69888930 0.21055704 0.68353454
vn -0.68917549 -0.24045282 0.68353463
vn -0.41622006 -0.59961747 0.68353475
vn 0.01571731 -0.72974891 0.68353455
vn 0.44165104 -0.58114081 0.68353472
vn 0.88260356 -0.26590541 -0.38769224
vn 0.87033770 0.30365983 -0.38768931
vn 0.52563232 0.75723642 -0.38769016
vn -0.01984733 0.92157534 -0.38769185
vn -0.55774656 0.73390325 -0.38769163
vn -0.88260452 0.26590443 -0.38769073
vn -0.87033770 -0.30365983 -0.38768931
vn -0.52563005 -0.75723670 -0.38769271
vn 0.01984939 -0.92157637 -0.38768931
vn 0.55774598 -0.73390449 -0.38769011
vn 0.00000000 0.00000000 -1.00000000
vn 0.73273257 -0.22075319 -0.64371656
vn 0.72254820 0.25209624 -0.64371701
vn 0.43637647 0.62865265 -0.64371688
vn -0.01647714 0.76508654 -0.64371662
vn -0.46303792 0.60928217 -0.64371665
vn -0.73273267 0.22075217 -0.64371679
vn -0.72254820 -0.25209624 -0.64371701
vn -0.43637527 -0.62865389 -0.64371649
vn 0.01647882 -0.76508618 -0.64371701
vn 0.46303700 -0.60928262 -0.64371688
vn -0.38753511 0.59145279 0.70710688
vn 0.16649828 0.79934036 0.57735025
vn 0.38753464 -0.59145311 0.70710687
vn 0.79934038 -0.16649831 0.57735021
vn 0.38753464 -0.59145311 -0.70710687
vn 0.79934038 -0.16649831 -0.57735021
vn -0.38753511 0.59145279 -0.70710688
vn 0.16649828 0.79934036 -0.57735025
vn 0.00000000 0.00000000 -1.00000000
vn 0.59145318 0.38753452 -0.70710687
vn 0.54841917 0.61701601 0.56438254
vn 0.83644140 0.54805637 -0.00000066
vn 0.37233718 0.88578154 0.27704889
vn -0.19552425 0.29840752 0.93419656
vn 0.59145333 0.38753463 -0.70710669
vn 0.00000000 0.00000000 -1.00000000
vn 0.00000000 0.00000000 -1.00000000
vn 0.59145292 0.38753474 -0.70710697
vn 0.19132421 0.77257493 0.60541146
vn -0.36531916 0.55754736 0.74544138
vn 0.00000000 0.00000000 -1.00000000
vn 0.59145332 0.38753468 -0.70710667
vn 0.78471315 -0.13305060 0.60541127
vn 0.36531936 -0.55754730 0.74544133
vn 0.78466571 0.25645545 0.56438491
vn 0.83644120 0.54805667 -0.00000013
vn 0.96077730 -0.01230747 0.27704783
vn 0.19552406 -0.29840760 0.93419658
vn 0.48703174 -0.74330409 0.45858380
vn -0.48703183 0.74330401 0.45858385
vn 0.00000000 0.00000000 1.00000000
vn 0.00000000 0.00000000 1.00000000
vn 0.00000000 0.00000000 1.00000000
vn 0.00000000 0.00000000 1.00000000
vn 0.00000000 0.00000000 1.00000000
vn 0.00000000 0.00000000 1.00000000
vn 0.00000000 0.00000000 1.00000000
vn 0.00000000 0.00000000 1.00000000
vn 0.00000000 0.00000000 1.00000000
vn 0.00000000 0.00000000 1.00000000
vn 0.00000000 0.00000000 1.00000000
vn 0.00000000 0.00000000 1.00000000
vn 0.00000000 0.00000000 1.00000000
vn 0.00000000 0.00000000 1.00000000
vn 0.00000000 0.00000000 1.00000000
vn 0.00000000 0.00000000 1.00000000
vn 0.00000000 0.00000000 1.00000000
vn 0.00000000 0.00000000 1.00000000
vn 0.00000000 0.00000000 1.00000000
vn 0.00000000 0.00000000 1.00000000
vn 0.00000000 0.00000000 1.00000000
vn 0.00000000 0.00000000 1.00000000
vn 0.00000000 0.00000000 -1.00000000
vn 0.00000000 0.00000000 -1.00000000
vn 0.00000000 0.00000000 -1.00000000
vn 0.00000000 0.00000000 -1.00000000
vn 0.00000000 0.00000000 -1.00000000
vn 0.00000000 0.00000000 -1.00000000
vn 0.00000000 0.00000000 -1.00000000
vn 0.00000000 0.00000000 -1.00000000
vn 0.00000000 0.00000000 -1.00000000
vn 0.00000000 0.00000000 -1.00000000
vn 0.00000000 0.00000000 -1.00000000
vn 0.00000000 0.00000000 -1.00000000
vn 0.00000000 0.00000000 -1.00000000
vn 0.00000000 0.00000000 -1.00000000
vn 0.00000000 0.00000000 -1.00000000
vn 0.00000000 0.00000000 -1.00000000
vn 0.00000000 0.00000000 -1.00000000
vn 0.00000000 0.00000000 -1.00000000
vn 0.00000000 0.00000000 -1.00000000
vn 0.00000000 0.00000000 -1.00000000
vn 0.00000000 0.00000000 -1.00000000
vn 0.00000000 0.00000000 -1.00000000
vn 0.00000000 0.00000000 1.00000000
vn 0.00000000 0.00000000 1.00000000
vn 0.00000000 0.00000000 1.00000000
vn 0.00000000 0.00000000 1.00000000
vn 0.29441341 0.00000000 0.95567816
vn 0.01106628 -0.01658306 0.99980125
vn -0.25620245 -0.02185621 0.96637602
vn 0.00000000 0.00000000 1.00000000
vn 0.00000000 -0.03412077 0.99941772
vn 0.00000000 -0.03482068 0.99939358
vn -0.11358912 0.06278939 0.99154173
vn 0.00000000 -0.03482068 0.99939358
vn 0.11809209 0.04938625 0.99177379
vn -0.01106045 -0.01834494 0.99977054
vn 0.88353985 0.46529412 0.05346692
vn 0.00000000 0.00000000 -1.00000000
vn 0.99944645 -0.02784836 0.01820082
vn 0.72036172 -0.27527299 -0.63663472
vn 0.99486653 -0.04655274 -0.08985228
vn 0.48153723 -0.54227695 -0.68851841
vn 0.09066496 -0.98462496 -0.14931023
vn 0.29228316 -0.68415758 -0.66820578
vn -0.01368320 -0.99266354 -0.12013268
vn 0.00000000 -0.73880483 -0.67391944
vn -0.08782669 -0.98135095 -0.17098771
vn -0.29228316 -0.68415758 -0.66820578
vn -0.89484542 -0.02239294 0.44581411
vn -0.48153719 -0.54227695 -0.68851844
vn -0.87187314 0.00000000 0.48973179
vn -0.72036171 -0.27527305 -0.63663471
vn 0.00000102 0.99999470 0.00325573
vn -0.89045086 0.45507941 0.00000000
vn 0.40644510 -0.57229718 -0.71223473
vn 0.69520254 0.37268838 -0.61465177
vn 0.57506915 -0.79363565 -0.19858986
vn -0.69520254 0.37268838 -0.61465177
vn -0.88136872 0.47242903 0.00000000
vn -0.93611773 -0.35099564 -0.02203764
vn -0.66420398 -0.74601392 -0.04791978
vn -0.39362860 -0.91736521 -0.05914058
vn 0.00000000 -0.99792648 -0.06436419
vn 0.39362860 -0.91736520 -0.05914058
vn 0.66420402 -0.74601389 -0.04791978
vn 0.93611776 -0.35099556 -0.02203764
vn 0.88136872 0.47242903 0.00000000
vn -0.88353985 0.46529411 0.05346698
vn -0.94222985 -0.33486372 -0.00831896
vn -0.65846372 -0.74342768 -0.11722126
vn -0.38397398 -0.90452159 -0.18548500
vn -0.01298124 -0.98418294 -0.17667891
vn 0.39384657 -0.89842374 -0.19421551
vn 0.67588821 -0.73155354 -0.08946814
vn 0.93570028 -0.35260433 0.01162653
vn -0.81648788 -0.40825699 -0.40825699
vn -0.82885469 0.42359969 -0.36546300
vn 0.70709548 -0.70711808 -0.00003552
vn 0.89045090 0.45507933 0.00000000
vn 0.74794718 -0.62942977 -0.21069688
vn -0.68435542 0.26142623 0.68067171
vn -0.89794909 -0.37941138 0.22301220
vn -0.74561401 0.27508031 0.60695186
vn 0.69889914 0.59433459 0.39787736
vn 0.67436655 0.43155985 0.59915428
vn 0.70710678 -0.70710678 0.00000000
vn 0.70710678 -0.70710678 0.00000000
vn -0.67436655 0.43155985 0.59915428
vn -0.70710678 -0.70710678 0.00000000
vn -0.69889913 0.59433462 0.39787733
vn -0.70710678 -0.70710678 0.00000000
vn 0.70710678 -0.70710678 0.00000000
vn -0.68435542 0.26142623 0.68067171
vn 0.74561401 0.27508031 0.60695186
vn -0.70710678 -0.70710678 0.00000000
vn 0.70710678 -0.70710678 0.00000000
vn -0.74561401 0.27508031 0.60695186
vn -0.70710678 -0.70710678 0.00000000
vn 0.68435542 0.26142623 0.68067171
vn 0.74052878 0.44888365 0.50012058
vn 0.70710678 -0.70710678 0.00000000
vn -0.74052878 0.44888365 0.50012058
vn -0.70710678 -0.70710678 0.00000000
vn 0.72723707 0.56275027 0.39298649
vn 0.70710678 -0.70710678 0.00000000
vn -0.72723707 0.56275027 0.39298649
vn -0.70710678 -0.70710678 0.00000000
vn -0.66408483 0.51358298 0.54334506
vn -0.70710678 -0.70710678 0.00000000
vn 0.68683735 0.63215934 0.35864888
vn 0.70710678 -0.70710678 0.00000000
vn 0.65055622 0.20715323 0.73066008
vn -0.57735027 -0.57735027 0.57735027
vn -0.68683735 0.63215934 0.35864888
vn -0.70710678 -0.70710678 0.00000000
vn 0.57735027 -0.57735027 0.57735027
vn 0.66408483 0.51358298 0.54334506
vn 0.71843320 0.61926784 0.31679818
vn 0.70710678 -0.70710678 0.00000000
vn -0.65055622 0.20715323 0.73066008
vn 0.70710678 -0.70710678 0.00000000
vn -0.71843320 0.61926784 0.31679818
vn -0.70710678 -0.70710678 0.00000000
vn -0.67436655 0.43155985 0.59915428
vn 1.00000000 0.00000000 0.00000000
vn 1.00000000 0.00000000 0.00000000
vn 1.00000000 0.00000000 0.00000000
vn 1.00000000 0.00000000 0.00000000
vn 1.00000000 0.00000000 0.00000000
vn 1.00000000 0.00000000 0.00000000
vn 1.00000000 0.00000000 0.00000000
vn 1.00000000 0.00000000 0.00000000
vn 1.00000000 0.00000000 0.00000000
vn 1.00000000 0.00000000 0.00000000
vn 0.70710678 0.00000000 0.70710678
vn -0.70710678 0.00000000 0.70710678
vn -1.00000000 0.00000000 0.00000000
vn -1.00000000 0.00000000 0.00000000
vn -1.00000000 0.00000000 0.00000000
vn -1.00000000 0.00000000 0.00000000
vn -1.00000000 0.00000000 0.00000000
vn -1.00000000 0.00000000 0.00000000
vn -1.00000000 0.00000000 0.00000000
vn -1.00000000 0.00000000 0.00000000
vn -1.00000000 0.00000000 0.00000000
vn -0.89442719 0.00000000 -0.44721360
vn -0.74052878 0.44888365 0.50012058
vn -0.70497850 0.50212979 0.50087024
vn 1.00000000 0.00000000 0.00000000
vn 1.00000000 0.00000000 0.00000000
vn 1.00000000 0.00000000 0.00000000
vn 1.00000000 0.00000000 0.00000000
vn 1.00000000 0.00000000 0.00000000
vn 1.00000000 0.00000000 0.00000000
vn 1.00000000 0.00000000 0.00000000
vn 1.00000000 0.00000000 0.00000000
vn 1.00000000 0.00000000 0.00000000
vn 1.00000000 0.00000000 0.00000000
vn 0.70710678 0.00000000 0.70710678
vn -0.70710678 0.00000000 0.70710678
vn -1.00000000 0.00000000 0.00000000
vn -1.00000000 0.00000000 0.00000000
vn -1.00000000 0.00000000 0.00000000
vn -1.00000000 0.00000000 0.00000000
vn -1.00000000 0.00000000 0.00000000
vn -1.00000000 0.00000000 0.00000000
vn -1.00000000 0.00000000 0.00000000
vn -1.00000000 0.00000000 0.00000000
vn -1.00000000 0.00000000 0.00000000
vn -0.89442719 0.00000000 -0.44721360
vn -0.72723707 0.56275027 0.39298649
vn 0.00000000 0.00000000 -1.00000000
vn 1.00000000 0.00000000 0.00000000
vn 1.00000000 0.00000000 0.00000000
vn 1.00000000 0.00000000 0.00000000
vn 1.00000000 0.00000000 0.00000000
vn 1.00000000 0.00000000 0.00000000
vn 1.00000000 0.00000000 0.00000000
vn 1.00000000 0.00000000 0.00000000
vn 1.00000000 0.00000000 0.00000000
vn 1.00000000 0.00000000 0.00000000
vn 1.00000000 0.00000000 0.00000000
vn 0.70710678 0.00000000 0.70710678
vn -0.70710678 0.00000000 0.70710678
vn -1.00000000 0.00000000 0.00000000
vn -1.00000000 0.00000000 0.00000000
vn -1.00000000 0.00000000 0.00000000
vn -1.00000000 0.00000000 0.00000000
vn -1.00000000 0.00000000 0.00000000
vn -1.00000000 0.00000000 0.00000000
vn -1.00000000 0.00000000 0.00000000
vn -1.00000000 0.00000000 0.00000000
vn -1.00000000 0.00000000 0.00000000
vn -0.89442719 0.00000000 -0.44721360
vn 0.00000000 0.00033682 -0.99999994
vn 0.57823871 -0.81419209 -0.05226114
vn 0.00000000 -0.99998952 0.00457812
vn 0.00000000 -1.00000000 0.00000000
vn 0.00000000 -1.00000000 0.00000000
vn 0.00000000 -1.00000000 0.00000000
vn 0.00000000 -1.00000000 0.00000000
vn 0.00000000 -1.00000000 0.00000000
vn 0.00000000 -1.00000000 0.00000000
vn 0.00000000 -1.00000000 0.00000000
vn 0.00000000 -1.00000000 0.00000000
vn 0.00000000 -1.00000000 0.00000000
vn 0.00000000 -0.00000000 0.00000000
vn 0.22433797 -0.97437833 0.01610399
vn 0.00000000 -0.99986345 0.01652519
vn -0.22570151 -0.97410193 0.01357418
vn 0.64752986 -0.76196539 0.01066871
vn -0.64598422 -0.76331524 0.00736449
vn 0.94028117 -0.34038161 0.00341632
vn -0.94017157 -0.34068876 0.00293103
vn 1.00000000 0.00000000 0.00000000
vn -1.00000000 -0.00001194 0.00000035
vn 1.00000000 0.00000000 0.00000000
vn -1.00000000 -0.00000045 0.00000001
vn 1.00000000 0.00000000 0.00000000
vn -1.00000000 0.00000000 0.00000000
vn 0.00000000 1.00000000 0.00000000
vn 0.88559581 0.46119601 0.05493911
vn -0.00146056 -0.99999581 0.00250069
vn 0.00000000 -1.00000000 0.00000000
vn 0.00000000 -1.00000000 0.00000000
vn 0.00000000 -1.00000000 0.00000000
vn 0.00000000 -1.00000000 0.00000000
vn 0.00000000 -1.00000000 0.00000000
vn 0.00000000 -1.00000000 0.00000000
vn 0.00000000 -1.00000000 0.00000000
vn 0.00000000 -1.00000000 0.00000000
vn 0.00000000 -1.00000000 0.00000000
vn 0.57735027 -0.57735027 0.57735027
vn 0.70710678 0.00000000 0.70710678
vn 0.70710678 0.00000000 0.70710678
vn 0.70710678 0.00000000 0.70710678
vn 0.65055622 0.20715323 0.73066008
vn 0.66408483 0.51358298 0.54334506
vn 0.68683735 0.63215934 0.35864888
vn 0.71843320 0.61926784 0.31679818
vn 0.72723707 0.56275027 0.39298649
vn 0.74052878 0.44888365 0.50012058
vn 0.74561401 0.27508031 0.60695186
vn 0.68435542 0.26142623 0.68067171
vn 0.67436655 0.43155985 0.59915428
vn 0.70497850 0.50212979 0.50087024
vn 0.00000000 1.00000000 0.00000000
vn -0.81108969 0.42235569 0.40465934
vn 0.00000000 1.00000000 0.00000000
vn 0.00146056 -0.99999581 0.00250069
vn 0.00000000 -1.00000000 0.00000000
vn 0.00000000 -1.00000000 0.00000000
vn 0.00000000 -1.00000000 0.00000000
vn 0.00000000 -1.00000000 0.00000000
vn 0.00000000 -1.00000000 0.00000000
vn 0.00000000 -1.00000000 0.00000000
vn 0.00000000 -1.00000000 0.00000000
vn 0.00000000 -1.00000000 0.00000000
vn 0.00000000 -1.00000000 0.00000000
vn -0.57735027 -0.57735027 0.57735027
vn -0.70710678 0.00000000 0.70710678
vn -0.70710678 0.00000000 0.70710678
vn -0.70710678 0.00000000 0.70710678
vn -0.65055622 0.20715323 0.73066008
vn -0.66408483 0.51358298 0.54334506
vn -0.68683735 0.63215934 0.35864888
vn -0.71843320 0.61926784 0.31679818
vn 0.00000000 0.00000000 -1.00000000
vn -0.57506918 -0.79363563 -0.19858986
vn -0.57823875 -0.81419207 -0.05226114
vn -0.40644513 -0.57229717 -0.71223472
vn 0.00000000 0.00000000 -1.00000000
vn 0.00000000 0.00000000 -1.00000000
vn 0.00000000 0.00033682 -0.99999994
vn 0.87775430 0.47660159 0.04897254
vn -0.98423182 0.17688334 0.00000000
vn 0.49096910 0.26387379 -0.83025295
vn -0.49096910 0.26387379 -0.83025295
vn -0.88136872 0.47242903 0.00000000
vn 0.88136872 0.47242903 0.00000000
vn -0.87775444 0.47660139 0.04897211
vn -0.94045740 0.24446265 -0.23617342
vn 0.89045082 0.45507949 -0.00004507
vn 0.35631295 0.79879039 0.48474219
vn -0.35631287 0.79879042 0.48474220
vn -0.70700806 0.50562818 0.49444892
vn 0.00000000 0.00076879 -0.99999970
vn -1.00000000 0.00000000 0.00000000
vn 0.89103849 0.45122109 0.04949685
vn 0.70700806 0.50562818 0.49444892
vn -0.93164976 0.23544121 0.27676012
vn 0.00000000 0.00076879 -0.99999970
vn 0.99267849 0.10945771 0.05107279
vn 0.00037591 0.00232133 -0.99999724
vn 0.72578113 0.08073946 -0.68317120
vn -0.72578113 0.08073946 -0.68317120
vn -0.99339035 0.11458584 0.00676059
vn 0.99395297 0.10980659 0.00000000
vn -0.98151246 0.18458070 0.05062853
vn -0.98537293 0.17016506 -0.00916761
vn 0.99496918 0.10018152 0.00000000
vn 0.71549690 0.50652069 0.48114549
vn -0.71549690 0.50652067 0.48114551
vn -0.71289383 0.48893592 0.50271668
vn 0.00003103 0.00094334 -0.99999955
vn -1.00000000 0.00000000 0.00000000
vn 0.99365432 0.09953740 0.05237755
vn 0.71289383 0.48893593 0.50271667
vn -0.98282287 0.17728949 0.05126047
vn -0.00005902 0.00092408 -0.99999957
vn 0.90946741 0.41321343 0.04608342
vn 0.00015162 0.00158672 -0.99999873
vn 0.68041114 0.31215721 -0.66302229
vn -0.68041113 0.31215727 -0.66302227
vn -0.91112785 0.41203202 0.00869765
vn 0.90916468 0.41643677 0.00000000
vn -0.90773967 0.41604987 0.05395555
vn -0.91826299 0.39576811 -0.01267629
vn 0.96020635 0.15860680 -0.22988618
vn 0.69295824 0.55565524 0.45940846
vn -0.69394051 0.56282588 0.44908083
vn -0.75707845 0.33385884 0.56157857
vn 0.00000000 0.00088570 -0.99999961
vn -1.00000000 0.00000000 0.00000000
vn 0.91993307 0.38925705 0.04692652
vn 0.75707993 0.33385960 0.56157613
vn -0.91954076 0.39021678 0.04664390
vn -0.00011894 0.00103821 -0.99999945
vn 0.68928154 0.72377181 0.03233138
vn 0.00000000 0.00088570 -0.99999961
vn 0.50934522 0.54061128 -0.66955723
vn -0.50934517 0.54061131 -0.66955725
vn -0.68609570 0.72751130 0.00000000
vn 0.68609576 0.72751124 0.00000000
vn -0.73604608 0.67570766 0.04068566
vn -0.76781969 0.64066600 0.00000000
vn 0.52159740 0.82158002 -0.23009221
vn 0.51693546 0.64197358 0.56625759
vn -0.52922397 0.63824456 0.55907591
vn -0.64919668 -0.03906374 0.75961681
vn 0.00000000 0.00088570 -0.99999961
vn -1.00000000 0.00000000 0.00000000
vn 0.71402694 0.69933378 0.03313291
vn 0.64936451 -0.03894119 0.75947963
vn -0.76355616 0.64477413 0.03533141
vn 0.00000000 0.00088570 -0.99999961
vn 0.41329864 0.91044386 0.01661960
vn 0.00000000 0.00111468 -0.99999938
vn 0.30260866 0.67499076 -0.67291565
vn -0.30260865 0.67499076 -0.67291565
vn -0.40936244 0.91237185 0.00000000
vn 0.40936246 0.91237184 0.00000000
vn -0.41329825 0.91044408 0.01661744
vn -0.44062643 0.89769056 0.00000000
vn 0.44062648 0.89769054 0.00000000
vn 0.31332669 0.69711052 0.64487464
vn -0.31332698 0.69711162 0.64487332
vn -0.50051839 -0.25316031 0.82788357
vn 0.00000000 0.00111468 -0.99999938
vn -1.00000000 0.00000000 0.00000000
vn 0.43646846 0.89955767 0.01706705
vn 0.50191021 -0.25326454 0.82700859
vn -0.43647011 0.89955692 0.01706452
vn 0.00000000 0.00111468 -0.99999938
vn 0.13321818 0.99106812 0.00607452
vn 0.00000000 0.70758175 -0.70663149
vn 0.09628113 0.72849746 -0.67824877
vn -0.09628111 0.72849746 -0.67824877
vn -0.13117132 0.99135971 0.00000000
vn 0.13117134 0.99135971 0.00000000
vn -0.13321777 0.99106818 0.00607378
vn -0.14346029 0.98965607 0.00000000
vn 0.14346032 0.98965607 0.00000000
vn 0.09513324 0.85058538 0.51715973
vn -0.09513322 0.85058538 0.51715973
vn -0.70710678 0.70710678 0.00000000
vn 0.00000000 0.70758175 -0.70663149
vn -1.00000000 0.00000000 0.00000000
vn 0.14125004 0.98995453 0.00620065
vn -1.00000000 0.00000000 0.00000000
vn -0.14124941 0.98995463 0.00619878
vn 0.00000000 0.70758175 -0.70663149
vn -0.89045086 0.45507941 0.00000000
vn -1.00000000 0.00000000 0.00000000
vn -1.00000000 0.00000000 0.00000000
vn -1.00000000 0.00000000 0.00000000
vn -0.99998058 0.00511126 0.00356662
vn -0.05695963 -0.99836580 0.00461809
vn 0.00000000 -0.99997772 0.00667512
vn 0.05407708 -0.99852571 0.00469850
vn 0.74560783 -0.66638422 0.00101969
vn 1.00000000 0.00000000 0.00000000
vn 1.00000000 0.00000000 0.00000000
vn 1.00000000 0.00000000 0.00000000
vn 0.88267616 0.46998134 0.00058726
vn 0.91502404 0.18201537 0.36000197
vn 0.86328301 0.05312393 0.50191663
vn 0.81612019 0.33511292 0.47079419
vn 0.62737004 0.61993342 0.47126361
vn 0.37483100 0.77822194 0.50385745
vn 0.15511198 0.87475968 0.45905967
vn 0.01127023 0.89092238 0.45401574
vn 0.00013312 0.89442720 0.44721356
vn 0.00000000 0.89442719 0.44721360
vn -0.13041550 0.89945528 0.41709951
vn -0.40145597 0.81773091 0.41249152
vn -0.70447208 0.58768248 0.39793012
vn -0.82830890 0.35018885 0.43734670
vn -0.89739465 0.16116809 0.41074042
vn -0.90196718 0.23430959 0.36270404
vn -0.89045086 0.45507941 0.00000000
vn -1.00000000 0.00000000 0.00000000
vn -1.00000000 0.00000000 0.00000000
vn -1.00000000 0.00000000 0.00000000
vn -0.99999367 0.00224206 0.00276299
vn -0.03723013 -0.99927905 0.00743577
vn 0.00000000 -0.99995567 0.00941551
vn 0.03447894 -0.99937394 0.00793268
vn 0.73299995 -0.68022294 0.00279698
vn 1.00000000 0.00000000 0.00000000
vn 1.00000000 0.00000000 0.00000000
vn 1.00000000 0.00000000 0.00000000
vn 0.88263119 0.47006599 -0.00038255
vn 0.99318757 -0.11046054 -0.03710676
vn 0.99437471 0.05615047 -0.08981122
vn 0.58086413 0.81371996 -0.02137046
vn 0.98185671 0.18818047 -0.02335608
vn 0.42654864 0.90029337 -0.08676465
vn 0.17387118 0.98404333 -0.03778262
vn 0.00000000 1.00000000 0.00000000
vn 0.00000000 1.00000000 0.00000000
vn 0.00000000 1.00000000 0.00000000
vn -0.14346029 0.98965607 0.00000000
vn -0.44062643 0.89769056 0.00000000
vn -0.76781969 0.64066600 0.00000000
vn -0.92101211 0.38953395 0.00000000
vn -1.00000000 0.00000000 0.00000000
vn -1.00000000 0.00000000 0.00000000
vn -1.00000000 0.00000000 0.00000000
vn -1.00000000 0.00000000 0.00000000
vn -1.00000000 0.00000000 0.00000000
vn -1.00000000 0.00000000 0.00000000
vn 0.00000000 1.00000000 0.00000000
vn 0.70710678 0.70710678 0.00000000
vn 1.00000000 0.00000000 0.00000000
vn 1.00000000 0.00000000 0.00000000
vn 1.00000000 0.00000000 0.00000000
vn 1.00000000 0.00000000 0.00000000
vn 1.00000000 0.00000000 0.00000000
vn 1.00000000 0.00000000 0.00000000
vn 1.00000000 0.00000000 0.00000000
vn 1.00000000 0.00000000 0.00000000
vn 1.00000000 0.00000000 0.00000000
vn 1.00000000 0.00000000 0.00000000
vn 1.00000000 0.00000000 0.00000000
vn 1.00000000 0.00000000 0.00000000
vn 1.00000000 0.00000000 0.00000000
vn 0.74055983 0.57331112 -0.35055028
vn 0.62550828 0.22596025 -0.74678066
vn 0.37149563 0.73926064 -0.56168025
vn 0.81909177 0.04853326 -0.57160580
vn 0.44461824 0.51160281 -0.73523955
vn 0.80049231 0.45509289 -0.39000324
vn 0.80541538 0.44863508 0.38734045
vn 0.44014096 0.51060524 0.73861913
vn 0.53483268 0.44629135 0.71748034
vn 0.61157102 0.33510353 0.71671927
vn 0.62331107 0.24519922 0.74253663
vn 0.74516925 0.55827153 0.36476800
vn -1.00000000 0.00000000 0.00000000
vn -1.00000000 0.00000000 0.00000000
vn -1.00000000 0.00000000 0.00000000
vn -0.99999127 0.00140247 0.00393596
vn -0.02982822 -0.99952559 0.00767304
vn 0.00000000 -0.99995808 0.00915617
vn 0.02851746 -0.99955139 0.00915245
vn 0.72688435 -0.68674299 0.00481810
vn 1.00000000 0.00000000 0.00000000
vn 1.00000000 0.00000000 0.00000000
vn 1.00000000 0.00000000 0.00000000
vn 0.88420789 0.46709337 -0.00043572
vn 0.93869069 0.16846032 -0.30080044
vn 0.90424503 0.06746743 -0.42165042
vn 0.80906132 0.28516548 -0.51390702
vn 0.58185654 0.62754186 -0.51733372
vn 0.40137395 0.81777236 -0.41248917
vn 0.13037513 0.89946182 -0.41709802
vn -0.00008441 0.89442719 -0.44721358
vn -0.00008441 0.89442719 -0.44721358
vn 0.00000000 0.89442719 -0.44721360
vn -0.13037182 0.89946212 -0.41709841
vn -0.40136331 0.81777719 -0.41248996
vn -0.70437844 0.58779562 -0.39792881
vn -0.82823434 0.35036566 -0.43734630
vn -0.98423191 0.17688286 -0.00000001
vn -0.90192980 0.23440250 0.36273695
vn -0.89045086 0.45507941 0.00000000
vn 0.82068885 -0.57137538 0.00000000
vn 0.95124816 -0.30842655 0.00000000
vn -0.64305080 -0.58789143 0.49078440
vn -0.76237732 -0.05034161 0.64517172
vn -0.68438234 -0.28114633 0.67273884
vn -0.53638495 -0.51115591 0.67157339
vn -0.30505111 -0.70152990 0.64404939
vn 0.74485068 -0.66395316 0.06605802
vn 0.91508212 0.21071800 0.34383520
vn 0.00021046 -0.70717378 0.70703974
vn 0.00000000 -0.70710678 0.70710678
vn 0.09630539 -0.66472858 0.74085166
vn 0.29290845 -0.59702089 0.74684048
vn 0.49214879 -0.41087360 0.76744540
vn 0.64168182 -0.27162374 0.71726215
vn 0.66332086 -0.21525672 0.71670774
vn 0.46231619 -0.86399909 0.19942248
vn -0.68827158 -0.72379701 0.04899100
vn -0.99431085 -0.05529267 0.09104209
vn -0.82591398 0.55764329 0.08306659
vn 0.16940314 -0.98326744 0.06699046
vn -0.42590621 -0.90038916 0.08890031
vn 0.05469927 -0.99735205 0.04792570
vn 0.23080910 -0.97299868 0.00085216
vn 0.00000000 -1.00000000 0.00000000
vn 0.00000000 -1.00000000 0.00000000
vn 0.14346030 -0.98965607 0.00000000
vn 0.44062646 -0.89769055 0.00000000
vn 0.76781968 -0.64066601 0.00000000
vn 0.92101210 -0.38953396 0.00000000
vn -0.93969168 0.25499530 -0.22794066
vn -0.81278689 0.12950424 -0.56798427
vn -0.75948136 0.51216883 -0.40108747
vn 0.14240416 -0.89060266 -0.43191197
vn -0.18082586 -0.80575981 -0.56396199
vn -0.16571132 -0.96619254 -0.19751386
vn -0.15209620 -0.96822915 0.19849197
vn -0.18011785 -0.80136372 0.57041542
vn -0.50776140 -0.57478941 0.64171294
vn -0.73958738 -0.21750975 0.63694585
vn -0.82117303 0.12400854 0.55704286
vn -0.93819877 0.27041803 0.21600268
vn -0.61723552 -0.54637198 -0.56612540
vn -0.67521840 -0.05011912 -0.73591317
vn -0.68093479 0.45040253 -0.57746460
vn 0.13061977 -0.80597886 -0.57735306
vn -0.29310811 -0.59680845 -0.74693193
vn -0.09782792 -0.66315854 -0.74205825
vn 0.00173378 -0.70570974 -0.70849895
vn -0.00013346 -0.70706430 -0.70714924
vn 0.00000000 -0.70710678 -0.70710678
vn 0.09637652 -0.66468939 -0.74087758
vn 0.29306512 -0.59692981 -0.74685181
vn 0.49230381 -0.41066144 -0.76745954
vn 0.64181302 -0.27132900 -0.71725631
vn 0.94771727 -0.30726044 -0.08615679
vn 0.46238782 -0.86396198 0.19941716
vn -0.15511612 -0.80162688 -0.57735027
vn -0.80162689 0.15511603 -0.57735029
vn -0.15512504 -0.80160557 -0.57737747
vn -0.80164333 0.15513235 -0.57732307
vn 0.89045096 -0.45507922 0.00000000
vn 0.70710678 0.70710677 0.00007102
vn 0.70710678 0.00000000 0.70710678
vn 0.70710678 0.00000000 0.70710678
vn 0.57734499 0.57738191 -0.57732391
vn 0.50299448 -0.25706339 -0.82517572
vn 0.57764434 0.57559008 0.57881177
vn 0.70710678 0.00000000 -0.70710678
vn 0.70710678 0.00000000 -0.70710678
vn 0.70710678 0.00000000 -0.70710678
vn 0.50292870 -0.25709820 0.82520497
vn -0.12969940 -0.80612932 -0.57735049
vn -0.12974527 -0.80617884 0.57727103
vn 0.89045096 -0.45507922 0.00000000
vn 1.00000000 0.00000000 0.00000000
vn 1.00000000 0.00000000 0.00000000
vn 1.00000000 0.00000000 0.00000000
vn 0.70643218 0.70777838 0.00182722
vn 0.89045096 -0.45507922 0.00000000
vn 1.00000000 0.00000000 0.00000000
vn 1.00000000 0.00000000 0.00000000
vn 1.00000000 0.00000000 0.00000000
vn 0.70716517 0.70704838 -0.00011239
vn 1.00000000 0.00000000 0.00000000
vn 1.00000000 0.00000000 0.00000000
vn 1.00000000 0.00000000 0.00000000
vn -0.13703980 0.99051886 0.00961696
vn -0.42427354 0.90515118 0.02633059
vn -0.75004828 0.65867254 0.05981682
vn -0.91047745 0.40454493 0.08587326
vn -0.97850463 0.18036654 0.09998304
vn -0.88153503 0.46273747 0.09364840
vn -0.88029961 0.46274589 0.10458885
vn -0.98035320 -0.18735705 0.06168427
vn -0.87526086 -0.44011911 -0.20053328
vn -0.55602370 -0.69944066 -0.44902160
vn -0.17906242 -0.92933712 -0.32290737
vn -0.02577094 -0.97020587 -0.24090752
vn 0.18754293 -0.92316328 -0.33555508
vn 0.62676039 -0.66100814 -0.41260108
vn 0.88573266 -0.44131710 -0.14393357
vn 0.97085828 -0.23480326 0.04797521
vn 0.88029914 0.46274673 0.10458914
vn 0.88153264 0.46274158 0.09365059
vn 0.98943719 0.10445139 0.10051847
vn 0.91211852 0.40069339 0.08651370
vn 0.70046514 0.71146588 0.05625728
vn 0.42427269 0.90515146 0.02633480
vn 0.13704077 0.99051871 0.00961826
vn 0.00000000 -0.46521766 -0.88519632
vn 0.00000000 -0.84862084 -0.52900158
vn 0.01757048 -0.91584310 -0.40115171
vn 0.26063451 -0.41202549 -0.87310059
vn 0.26091538 0.51458306 -0.81677870
vn 0.01569268 0.95687129 -0.29008806
vn 0.00000000 0.90572894 -0.42385740
vn 0.00000000 0.56761340 -0.82329523
vn -0.37473942 -0.15897807 0.91339824
vn -0.37145452 -0.92713133 0.04948767
vn -0.37146653 0.91458259 0.15984775
vn -0.37473942 0.04874576 0.92584784
vn 0.00000000 -0.99858781 0.05312622
vn 0.00000000 -0.17262966 0.98498680
vn 0.00000000 0.05142864 0.99867667
vn 0.00000000 0.98509432 0.17201507
vn 0.00000000 -0.07560743 -0.99713766
vn 0.00000000 -0.97758772 -0.21052848
vn 0.00000000 0.99573490 -0.09226051
vn 0.00000000 0.19416215 -0.98096945
vn -0.37625940 -0.90576314 -0.19499231
vn 0.23441636 -0.06829945 -0.96973406
vn 0.23474148 0.18304141 -0.95466868
vn -0.37627174 0.92256580 -0.08539272
vn -0.36954172 0.37233638 0.85135453
vn -0.36893898 0.75075979 0.54794504
vn 0.00000000 0.80774314 0.58953457
vn 0.00000000 0.40070030 0.91620919
vn 0.00000000 -0.50532892 0.86292681
vn 0.00000000 -0.87114054 0.49103377
vn -0.36893898 -0.81083096 0.45435358
vn -0.36954173 -0.47135501 0.80078922
vn 0.20740056 -0.91985170 0.33295324
vn 0.96414448 -0.02840708 -0.26385309
vn 0.96426943 0.05532508 -0.25908223
vn 0.20681997 0.86956990 0.44841240
vn -0.91473351 -0.06928510 0.39807308
vn -0.90998063 -0.41407755 0.02179508
vn -0.90997524 0.40852652 0.07107141
vn -0.91473351 0.02124416 0.40349881
vn -0.91664504 -0.39071650 -0.08427624
vn 0.91190835 -0.01303138 -0.41018697
vn 0.91240754 0.06426102 -0.40420663
vn -0.91663979 0.39799964 -0.03698356
vn -0.90567416 0.16988666 0.38844928
vn -0.90382798 0.34563006 0.25225948
vn -0.90382798 -0.37328525 0.20917244
vn -0.90567415 -0.21506610 0.36537775
vn -0.07575748 -0.94123844 0.32913677
vn -0.49325926 -0.43619937 -0.75261239
vn -0.49240469 0.52448717 -0.69458681
vn -0.07490269 0.89568995 0.43832533
vn -0.54993622 -0.06827547 -0.83241132
vn -0.55028332 0.16665897 -0.81817666
vn -0.03073808 -0.97112977 -0.23656318
vn -0.41388604 -0.45317934 -0.78951050
vn -0.40996109 0.54305364 -0.73281965
vn -0.02221252 0.99432992 -0.10399331
vn -0.42313402 -0.07652165 -0.90283002
vn -0.42021175 0.18185216 -0.88901737
vn 0.55352776 -0.79165257 0.25863724
vn 0.48843023 -0.62576598 0.60815528
vn 0.53436886 0.51588593 0.66956078
vn 0.58842098 0.73983960 0.32618724
vn 0.52257497 -0.24862168 0.81553826
vn 0.51564148 0.14102876 0.84511819
vn 0.15125784 -0.95510969 0.25472837
vn -0.01353153 -0.76126988 0.64829397
vn -0.01757763 0.67637842 0.73634453
vn 0.13546261 0.91900127 0.37025200
vn -0.11960170 -0.28947089 0.94968523
vn -0.11866631 0.18560322 0.97543311
vn -0.95193613 -0.29845303 -0.06887227
vn -0.95665538 -0.15039928 -0.24938033
vn -0.96015145 0.17049206 -0.22145348
vn -0.94725949 0.32045687 -0.00261662
vn -0.95396553 -0.03238488 -0.29816269
vn -0.95544460 0.06026370 -0.28895310
vn -0.89891911 -0.42767962 0.09505041
vn -0.89560438 -0.36673493 0.25179016
vn -0.87752689 0.36950443 0.30563545
vn -0.88478047 0.44054362 0.15193699
vn -0.90164375 -0.15189638 0.40492719
vn -0.89483899 0.12014618 0.42991636
vn -1.00000000 0.00000009 -0.00000001
vn 1.00000000 -0.00000009 0.00000001
vn -0.68346083 -0.72936732 -0.03007666
vn 0.68346070 -0.72936744 -0.03007664
vn -0.77184431 -0.63139212 0.07483544
vn 0.77184420 -0.63139226 0.07483546
vn -1.00000000 0.00000009 -0.00000001
vn 1.00000000 -0.00000009 0.00000001
vn -1.00000000 0.00000009 -0.00000001
vn 1.00000000 -0.00000009 0.00000001
vn -0.72002043 0.64640692 -0.25244537
vn 0.72002055 0.64640680 -0.25244535
vn -0.75702599 0.54508643 -0.36026718
vn 0.75702609 0.54508630 -0.36026715
vn -0.82892965 0.54883859 0.10794373
vn 0.82892974 0.54883845 0.10794373
vn -0.82892955 0.42133626 0.36790157
vn 0.82892961 0.42133611 0.36790159
vn -0.82892957 0.18093759 0.52928004
vn 0.82892959 0.18093747 0.52928005
vn -0.82892918 -0.10794379 0.54883928
vn 0.82892915 -0.10794397 0.54883929
vn -0.82892961 -0.36790150 0.42133618
vn 0.82892954 -0.36790163 0.42133622
vn -0.73846375 -0.67427452 -0.00501556
vn 0.73846363 -0.67427465 -0.00501554
vn -0.51216979 0.78704002 -0.34387513
vn 0.51216999 0.78703991 -0.34387508
vn -0.51216989 0.82620876 0.23465099
vn 0.51217008 0.82620865 0.23465097
vn -0.51216993 0.85353416 0.09571518
vn 0.51217004 0.85353410 0.09571518
vn -0.51216984 0.59819215 0.61631827
vn 0.51216989 0.59819207 0.61631831
vn -0.51216981 0.69132451 0.50965920
vn 0.51216992 0.69132442 0.50965922
vn -0.51216986 0.20989102 0.83284320
vn 0.51216987 0.20989093 0.83284322
vn -0.51216985 0.34387532 0.78703991
vn 0.51216982 0.34387527 0.78703994
vn -0.51216984 -0.23465025 0.82620900
vn 0.51216971 -0.23465038 0.82620904
vn -0.51216975 -0.09571585 0.85353419
vn 0.51216979 -0.09571597 0.85353416
vn -0.51216986 -0.61631809 0.59819232
vn 0.51216981 -0.61631812 0.59819232
vn -0.51216992 -0.50965917 0.69132446
vn 0.51216981 -0.50965925 0.69132448
vn -0.51216994 -0.83284316 0.20989097
vn 0.51216979 -0.83284325 0.20989098
vn -0.74340321 -0.57356093 0.34406326
vn 0.74340310 -0.57356106 0.34406328
vn -1.00000000 0.00000009 -0.00000001
vn 1.00000000 -0.00000009 0.00000001
vn -1.00000000 0.00000009 -0.00000001
vn 1.00000000 -0.00000009 0.00000001
vn -0.67229560 0.65692437 -0.34127555
vn 0.67229572 0.65692425 -0.34127553
vn -0.77440340 -0.35625916 0.52285637
vn 0.77440332 -0.35625930 0.52285639
vn -1.00000000 0.00000009 -0.00000001
vn 1.00000000 -0.00000009 0.00000001
vn -1.00000000 0.00000009 -0.00000001
vn 1.00000000 -0.00000009 0.00000001
vn -0.71877318 0.57720121 -0.38756146
vn 0.71877329 0.57720108 -0.38756144
vn -0.75117976 -0.08830161 0.65416496
vn 0.75117973 -0.08830174 0.65416498
vn -1.00000000 0.00000009 -0.00000001
vn 1.00000000 -0.00000009 0.00000001
vn -1.00000000 0.00000009 -0.00000001
vn 1.00000000 -0.00000009 0.00000001
vn -0.66041010 0.54220964 -0.51948745
vn 0.66041021 0.54220953 -0.51948743
vn -0.75055284 0.15396977 0.64262255
vn 0.75055285 0.15396964 0.64262257
vn -1.00000000 0.00000009 -0.00000001
vn 1.00000000 -0.00000009 0.00000001
vn -1.00000000 0.00000009 -0.00000001
vn 1.00000000 -0.00000009 0.00000001
vn -0.66559396 0.28102659 -0.69138176
vn 0.66559403 0.28102648 -0.69138174
vn -0.69235833 0.24852586 0.67740301
vn 0.69235836 0.24852574 0.67740303
vn -1.00000000 0.00000009 -0.00000001
vn 1.00000000 -0.00000009 0.00000001
vn -1.00000000 0.00000009 -0.00000001
vn 1.00000000 -0.00000009 0.00000001
vn -0.66164960 -0.02114457 -0.74951498
vn 0.66164962 -0.02114469 -0.74951497
vn -0.67672083 0.10514701 0.72869268
vn 0.67672083 0.10514690 0.72869270
vn -1.00000000 0.00000009 -0.00000001
vn 1.00000000 -0.00000009 0.00000001
vn -1.00000000 0.00000009 -0.00000001
vn 1.00000000 -0.00000009 0.00000001
vn -0.74198243 -0.06490267 -0.66727035
vn 0.74198244 -0.06490280 -0.66727033
vn -0.67711861 -0.10089193 0.72892470
vn 0.67711857 -0.10089205 0.72892471
vn -1.00000000 0.00000009 -0.00000001
vn 1.00000000 -0.00000009 0.00000001
vn -1.00000000 0.00000009 -0.00000001
vn 1.00000000 -0.00000009 0.00000001
vn -0.73492022 0.11536238 -0.66826925
vn 0.73492026 0.11536225 -0.66826923
vn -0.58744741 -0.66849831 0.45608722
vn 0.58744728 -0.66849841 0.45608723
vn -0.70262521 -0.70674445 -0.08264441
vn 0.70262509 -0.70674457 -0.08264439
vn -0.70719028 -0.70048778 -0.09591029
vn 0.70719016 -0.70048790 -0.09591028
vn -0.56965266 -0.44516710 -0.69088501
vn 0.56965260 -0.44516720 -0.69088500
vn -0.57734807 -0.57734983 0.57735291
vn -0.57735903 0.57739398 0.57729780
vn 0.57735247 -0.57735071 0.57734763
vn 0.57735236 0.57735076 0.57734769
vn 0.56031559 -0.46766720 -0.68361819
vn 0.65476427 0.73166755 -0.18959522
vn -0.56031559 -0.46766720 -0.68361819
vn -0.65476427 0.73166755 -0.18959522
vn -0.70710382 0.00000000 0.70710974
vn -0.62147274 0.57184123 -0.53550840
vn 0.62147274 0.57184123 -0.53550840
vn 0.70710974 0.00000000 0.70710382
vn -0.70708651 0.00005702 0.70712705
vn -0.73050484 0.62734639 -0.26981323
vn 0.73050484 0.62734639 -0.26981323
vn 0.70710974 0.00000000 0.70710382
vn 0.43606933 -0.58840289 0.68090056
vn 0.69247983 -0.62396049 0.36213947
vn 0.66106099 0.68613278 0.30367774
vn 0.40423422 0.70541162 0.58222774
vn -0.40317945 -0.70841833 -0.57930114
vn -0.66038972 -0.68749113 -0.30206185
vn -0.67973272 0.53737490 -0.49919099
vn -0.44621091 0.44637522 -0.77565777
vn 0.72018102 -0.69042202 -0.06824026
vn 0.10244011 -0.74394779 -0.66033909
vn 0.12593697 0.45590807 -0.88107191
vn 0.72705127 0.61512504 -0.30498792
vn -0.10244012 -0.74394778 -0.66033910
vn -0.72018102 -0.69042202 -0.06824026
vn -0.72647777 0.61519665 -0.30620765
vn -0.12984691 0.45884824 -0.87897558
vn 0.68235578 0.53538660 -0.49774670
vn 0.44886593 0.44172970 -0.77678456
vn 0.40340798 -0.70826542 -0.57932901
vn 0.66040863 -0.68738652 -0.30225852
vn -0.73219216 -0.67529481 0.08872182
vn -0.11776856 -0.60437186 0.78795001
vn -0.10292764 0.74046886 0.66416246
vn -0.72036360 0.69019277 0.06863112
vn 0.11776856 -0.60437186 0.78795001
vn 0.73219216 -0.67529481 0.08872182
vn 0.72036360 0.69019277 0.06863112
vn 0.10292764 0.74046886 0.66416246
vn -0.43606933 -0.58840290 0.68090056
vn -0.69247983 -0.62396049 0.36213947
vn -0.66106099 0.68613279 0.30367774
vn -0.40423422 0.70541162 0.58222774
vn 0.66564586 0.73187613 -0.14585237
vn 0.70710678 -0.70710678 0.00000000
vn -0.70710678 -0.70710678 0.00000000
vn -0.66567641 0.73187014 -0.14574300
vn -1.00000000 0.00000000 0.00000000
vn -0.60440449 0.74515232 -0.28185675
vn -0.38286621 0.73757551 -0.55623361
vn 0.59514727 0.80330556 0.02235881
vn 0.32977952 0.89917806 0.28761830
vn -0.07451374 0.90576295 0.41718242
vn -0.69151936 0.69549772 -0.19515096
vn 0.69055614 0.69609749 -0.19641920
vn 0.06657230 0.90782541 0.41403037
vn -0.59799267 0.80098765 0.02869757
vn -0.33176452 0.89524826 0.29742707
vn 0.11014679 0.69185066 -0.71358976
vn 0.68307526 0.72726073 -0.06708218
vn -0.68294344 0.72737028 -0.06723638
vn -0.11025318 0.69194788 -0.71347906
vn 0.60471487 0.74486328 -0.28195501
vn 0.38295127 0.73731098 -0.55652569
vn -0.66564648 0.73187405 -0.14586001
vn 0.66567702 0.73186807 -0.14575056
vn -0.72140179 0.65791866 -0.21615385
vn -0.57356454 0.60529960 -0.55193850
vn 0.70542035 0.70499330 0.07325697
vn 0.55097845 0.73111655 0.40235722
vn -0.18476498 0.76300021 0.61942924
vn -0.69957622 0.69646725 -0.15977008
vn 0.69988870 0.69626407 -0.15928641
vn 0.17871394 0.74212334 0.64599866
vn -0.70103184 0.70892987 0.07728391
vn -0.51650428 0.76931702 0.37599820
vn 0.19847895 0.60005988 -0.77494144
vn 0.72184034 0.69043158 -0.04744216
vn -0.72192225 0.69033878 -0.04754601
vn -0.19860916 0.59997057 -0.77497724
vn 0.72124125 0.65812590 -0.21605868
vn 0.57341770 0.60551628 -0.55185340
vn -0.75157039 0.64809035 -0.12296689
vn 0.75157039 0.64809035 -0.12296689
f 307//307 276//276 278//278
f 304//304 285//285 280//280
f 304//304 307//307 276//276
f 209//209 120//120 119//119
f 6//6 4//4 3//3
f 256//256 6//6 5//5
f 2//2 8//8 7//7
f 235//235 88//88 85//85
f 213//213 17//17 20//20
f 1//1 7//7 12//12
f 210//210 119//119 123//123
f 5//5 3//3 10//10
f 257//257 5//5 11//11
f 9//9 12//12 16//16
f 196//196 117//117 13//13
f 15//15 11//11 10//10
f 258//258 11//11 15//15
f 9//9 16//16 20//20
f 212//212 9//9 17//17
f 15//15 10//10 18//18
f 259//259 15//15 19//19
f 8//8 2//2 21//21
f 218//218 8//8 24//24
f 4//4 6//6 23//23
f 265//265 122//122 126//126
f 24//24 21//21 25//25
f 219//219 24//24 28//28
f 22//22 23//23 27//27
f 266//266 126//126 128//128
f 28//28 25//25 29//29
f 220//220 28//28 32//32
f 26//26 27//27 31//31
f 267//267 128//128 130//130
f 32//32 29//29 33//33
f 221//221 32//32 36//36
f 30//30 31//31 35//35
f 268//268 130//130 132//132
f 36//36 33//33 37//37
f 222//222 36//36 40//40
f 34//34 35//35 39//39
f 269//269 132//132 134//134
f 40//40 37//37 41//41
f 223//223 40//40 44//44
f 38//38 39//39 43//43
f 270//270 134//134 136//136
f 44//44 41//41 45//45
f 224//224 44//44 48//48
f 42//42 43//43 47//47
f 271//271 136//136 138//138
f 48//48 45//45 49//49
f 225//225 48//48 52//52
f 46//46 47//47 51//51
f 272//272 138//138 140//140
f 52//52 49//49 53//53
f 226//226 52//52 56//56
f 50//50 51//51 55//55
f 273//273 140//140 142//142
f 56//56 53//53 57//57
f 227//227 56//56 60//60
f 54//54 55//55 59//59
f 274//274 142//142 144//144
f 60//60 57//57 61//61
f 228//228 60//60 64//64
f 58//58 59//59 63//63
f 275//275 144//144 94//94
f 64//64 61//61 65//65
f 229//229 64//64 68//68
f 62//62 63//63 67//67
f 167//167 94//94 14//14
f 68//68 65//65 69//69
f 230//230 68//68 72//72
f 66//66 67//67 71//71
f 164//164 66//66 70//70
f 72//72 69//69 73//73
f 231//231 72//72 76//76
f 70//70 71//71 75//75
f 163//163 70//70 74//74
f 76//76 73//73 77//77
f 232//232 76//76 80//80
f 74//74 75//75 79//79
f 168//168 74//74 78//78
f 80//80 77//77 81//81
f 233//233 80//80 84//84
f 78//78 79//79 83//83
f 169//169 78//78 82//82
f 84//84 81//81 85//85
f 234//234 84//84 88//88
f 82//82 83//83 87//87
f 237//237 82//82 86//86
f 2//2 1//1 89//89
f 3//3 4//4 92//92
f 1//1 9//9 123//123
f 10//10 3//3 91//91
f 262//262 10//10 124//124
f 4//4 22//22 96//96
f 21//21 2//2 90//90
f 22//22 26//26 98//98
f 25//25 21//21 95//95
f 26//26 30//30 100//100
f 29//29 25//25 97//97
f 30//30 34//34 102//102
f 33//33 29//29 99//99
f 34//34 38//38 104//104
f 37//37 33//33 101//101
f 38//38 42//42 106//106
f 41//41 37//37 103//103
f 42//42 46//46 108//108
f 45//45 41//41 105//105
f 46//46 50//50 110//110
f 49//49 45//45 107//107
f 50//50 54//54 112//112
f 53//53 49//49 109//109
f 54//54 58//58 114//114
f 57//57 53//53 111//111
f 58//58 62//62 116//116
f 61//61 57//57 113//113
f 62//62 66//66 118//118
f 65//65 61//61 115//115
f 195//195 65//65 117//117
f 90//90 89//89 119//119
f 91//91 92//92 122//122
f 119//119 89//89 123//123
f 124//124 91//91 121//121
f 117//117 115//115 93//93
f 92//92 96//96 126//126
f 95//95 90//90 120//120
f 96//96 98//98 128//128
f 97//97 95//95 125//125
f 98//98 100//100 130//130
f 99//99 97//97 127//127
f 100//100 102//102 132//132
f 101//101 99//99 129//129
f 102//102 104//104 134//134
f 103//103 101//101 131//131
f 104//104 106//106 136//136
f 105//105 103//103 133//133
f 106//106 108//108 138//138
f 107//107 105//105 135//135
f 108//108 110//110 140//140
f 109//109 107//107 137//137
f 110//110 112//112 142//142
f 111//111 109//109 139//139
f 112//112 114//114 144//144
f 113//113 111//111 141//141
f 114//114 116//116 94//94
f 115//115 113//113 143//143
f 116//116 118//118 14//14
f 236//236 191//191 145//145
f 238//238 239//239 147//147
f 239//239 240//240 148//148
f 240//240 241//241 149//149
f 241//241 242//242 150//150
f 242//242 243//243 151//151
f 243//243 244//244 152//152
f 244//244 245//245 153//153
f 245//245 246//246 154//154
f 246//246 247//247 155//155
f 247//247 248//248 156//156
f 248//248 249//249 157//157
f 249//249 250//250 158//158
f 250//250 251//251 159//159
f 251//251 252//252 160//160
f 252//252 253//253 161//161
f 253//253 254//254 162//162
f 185//185 184//184 167//167
f 184//184 183//183 275//275
f 183//183 182//182 274//274
f 182//182 181//181 273//273
f 181//181 180//180 272//272
f 118//118 66//66 164//164
f 145//145 190//190 169//169
f 190//190 189//189 168//168
f 211//211 212//212 170//170
f 263//263 264//264 172//172
f 264//264 265//265 173//173
f 208//208 209//209 173//173
f 207//207 208//208 174//174
f 206//206 207//207 175//175
f 205//205 206//206 176//176
f 204//204 205//205 177//177
f 203//203 204//204 178//178
f 202//202 203//203 179//179
f 201//201 202//202 180//180
f 200//200 201//201 181//181
f 199//199 200//200 182//182
f 198//198 199//199 183//183
f 197//197 198//198 184//184
f 166//166 165//165 186//186
f 165//165 164//164 187//187
f 194//194 195//195 187//187
f 193//193 194//194 188//188
f 192//192 193//193 189//189
f 191//191 192//192 190//190
f 81//81 77//77 192//192
f 77//77 73//73 193//193
f 73//73 69//69 194//194
f 69//69 65//65 195//195
f 186//186 187//187 195//195
f 185//185 186//186 196//196
f 13//13 93//93 198//198
f 93//93 143//143 199//199
f 143//143 141//141 200//200
f 141//141 139//139 201//201
f 139//139 137//137 202//202
f 137//137 135//135 203//203
f 135//135 133//133 204//204
f 133//133 131//131 205//205
f 131//131 129//129 206//206
f 129//129 127//127 207//207
f 127//127 125//125 208//208
f 125//125 120//120 209//209
f 172//172 173//173 209//209
f 171//171 172//172 210//210
f 123//123 9//9 212//212
f 189//189 188//188 163//163
f 188//188 187//187 164//164
f 20//20 16//16 215//215
f 16//16 12//12 216//216
f 12//12 7//7 217//217
f 7//7 8//8 218//218
f 180//180 179//179 271//271
f 179//179 178//178 270//270
f 161//161 162//162 220//220
f 160//160 161//161 221//221
f 159//159 160//160 222//222
f 158//158 159//159 223//223
f 157//157 158//158 224//224
f 156//156 157//157 225//225
f 155//155 156//156 226//226
f 154//154 155//155 227//227
f 153//153 154//154 228//228
f 152//152 153//153 229//229
f 151//151 152//152 230//230
f 150//150 151//151 231//231
f 149//149 150//150 232//232
f 148//148 149//149 233//233
f 147//147 148//148 234//234
f 146//146 147//147 235//235
f 85//85 81//81 191//191
f 146//146 145//145 237//237
f 86//86 87//87 239//239
f 87//87 83//83 240//240
f 83//83 79//79 241//241
f 79//79 75//75 242//242
f 75//75 71//71 243//243
f 71//71 67//67 244//244
f 67//67 63//63 245//245
f 63//63 59//59 246//246
f 59//59 55//55 247//247
f 55//55 51//51 248//248
f 51//51 47//47 249//249
f 47//47 43//43 250//250
f 43//43 39//39 251//251
f 39//39 35//35 252//252
f 35//35 31//31 253//253
f 31//31 27//27 254//254
f 27//27 23//23 255//255
f 23//23 6//6 256//256
f 178//178 177//177 269//269
f 177//177 176//176 268//268
f 176//176 175//175 267//267
f 14//14 118//118 165//165
f 19//19 18//18 261//261
f 18//18 10//10 262//262
f 171//171 170//170 262//262
f 124//124 121//121 264//264
f 121//121 122//122 265//265
f 174//174 173//173 265//265
f 175//175 174//174 266//266
f 285//285 284//284 278//278
f 281//281 279//279 277//277
f 278//278 276//276 282//282
f 281//281 279//279 284//284
f 283//283 281//281 285//285
f 277//277 283//283 286//286
f 279//279 277//277 287//287
f 313//313 312//312 309//309
f 304//304 282//282 289//289
f 287//287 286//286 290//290
f 307//307 287//287 291//291
f 282//282 276//276 288//288
f 294//294 293//293 292//292
f 283//283 277//277 292//292
f 281//281 283//283 295//295
f 279//279 281//281 294//294
f 277//277 279//279 293//293
f 298//298 297//297 296//296
f 295//295 292//292 296//296
f 294//294 295//295 299//299
f 293//293 294//294 298//298
f 292//292 293//293 297//297
f 296//296 297//297 301//301
f 299//299 296//296 300//300
f 298//298 299//299 303//303
f 297//297 298//298 302//302
f 290//290 286//286 304//304
f 311//311 310//310 312//312
f 288//288 276//276 307//307
f 315//315 314//314 309//309
f 305//305 289//289 314//314
f 317//317 316//316 313//313
f 288//288 306//306 316//316
f 314//314 317//317 308//308
f 289//289 288//288 317//317
f 318//318 315//315 312//312
f 290//290 305//305 315//315
f 319//319 318//318 310//310
f 291//291 290//290 318//318
f 316//316 319//319 311//311
f 306//306 291//291 319//319
f 323//323 321//321 320//320
f 325//325 323//323 322//322
f 399//399 397//397 396//396
f 321//321 327//327 326//326
f 325//325 327//327 321//321
f 583//583 582//582 585//585
f 320//320 326//326 331//331
f 322//322 320//320 328//328
f 324//324 322//322 329//329
f 401//401 400//400 402//402
f 328//328 331//331 335//335
f 329//329 328//328 332//332
f 330//330 329//329 333//333
f 403//403 402//402 404//404
f 332//332 335//335 339//339
f 333//333 332//332 336//336
f 334//334 333//333 337//337
f 405//405 404//404 406//406
f 336//336 339//339 343//343
f 337//337 336//336 340//340
f 338//338 337//337 341//341
f 407//407 406//406 408//408
f 340//340 343//343 347//347
f 341//341 340//340 344//344
f 342//342 341//341 345//345
f 409//409 408//408 410//410
f 357//357 356//356 351//351
f 358//358 357//357 348//348
f 359//359 358//358 349//349
f 416//416 417//417 412//412
f 348//348 351//351 355//355
f 349//349 348//348 352//352
f 350//350 349//349 353//353
f 413//413 412//412 414//414
f 344//344 347//347 356//356
f 345//345 344//344 357//357
f 346//346 345//345 358//358
f 411//411 410//410 417//417
f 352//352 355//355 363//363
f 353//353 352//352 360//360
f 354//354 353//353 361//361
f 415//415 414//414 418//418
f 360//360 363//363 367//367
f 361//361 360//360 364//364
f 362//362 361//361 365//365
f 419//419 418//418 420//420
f 364//364 367//367 371//371
f 365//365 364//364 368//368
f 366//366 365//365 369//369
f 421//421 420//420 422//422
f 368//368 371//371 375//375
f 369//369 368//368 372//372
f 370//370 369//369 373//373
f 423//423 422//422 424//424
f 372//372 375//375 379//379
f 373//373 372//372 376//376
f 374//374 373//373 377//377
f 425//425 424//424 426//426
f 376//376 379//379 383//383
f 377//377 376//376 380//380
f 378//378 377//377 381//381
f 427//427 426//426 428//428
f 380//380 383//383 387//387
f 381//381 380//380 384//384
f 382//382 381//381 385//385
f 429//429 428//428 430//430
f 325//325 324//324 388//388
f 327//327 325//325 389//389
f 326//326 327//327 391//391
f 400//400 401//401 433//433
f 389//389 388//388 392//392
f 391//391 389//389 393//393
f 390//390 391//391 395//395
f 432//432 433//433 435//435
f 393//393 392//392 396//396
f 395//395 393//393 397//397
f 394//394 395//395 399//399
f 434//434 435//435 437//437
f 439//439 438//438 402//402
f 324//324 330//330 438//438
f 441//441 440//440 401//401
f 331//331 326//326 440//440
f 438//438 442//442 404//404
f 330//330 334//334 442//442
f 443//443 441//441 403//403
f 335//335 331//331 441//441
f 442//442 444//444 406//406
f 334//334 338//338 444//444
f 445//445 443//443 405//405
f 339//339 335//335 443//443
f 444//444 446//446 408//408
f 338//338 342//342 446//446
f 447//447 445//445 407//407
f 343//343 339//339 445//445
f 446//446 448//448 410//410
f 342//342 346//346 448//448
f 449//449 447//447 409//409
f 347//347 343//343 447//447
f 451//451 450//450 412//412
f 359//359 350//350 450//450
f 453//453 452//452 416//416
f 351//351 356//356 452//452
f 450//450 454//454 414//414
f 350//350 354//354 454//454
f 455//455 453//453 413//413
f 355//355 351//351 453//453
f 448//448 451//451 417//417
f 346//346 359//359 451//451
f 452//452 449//449 411//411
f 356//356 347//347 449//449
f 454//454 456//456 418//418
f 354//354 362//362 456//456
f 457//457 455//455 415//415
f 363//363 355//355 455//455
f 456//456 458//458 420//420
f 362//362 366//366 458//458
f 459//459 457//457 419//419
f 367//367 363//363 457//457
f 458//458 460//460 422//422
f 366//366 370//370 460//460
f 461//461 459//459 421//421
f 371//371 367//367 459//459
f 460//460 462//462 424//424
f 370//370 374//374 462//462
f 463//463 461//461 423//423
f 375//375 371//371 461//461
f 462//462 464//464 426//426
f 374//374 378//378 464//464
f 465//465 463//463 425//425
f 379//379 375//375 463//463
f 464//464 466//466 428//428
f 378//378 382//382 466//466
f 467//467 465//465 427//427
f 383//383 379//379 465//465
f 466//466 468//468 430//430
f 382//382 386//386 468//468
f 469//469 467//467 429//429
f 387//387 383//383 467//467
f 468//468 469//469 431//431
f 386//386 387//387 469//469
f 440//440 470//470 433//433
f 326//326 390//390 470//470
f 471//471 439//439 400//400
f 388//388 324//324 439//439
f 470//470 472//472 435//435
f 390//390 394//394 472//472
f 473//473 471//471 432//432
f 392//392 388//388 471//471
f 472//472 474//474 437//437
f 394//394 398//398 474//474
f 475//475 473//473 434//434
f 396//396 392//392 473//473
f 474//474 475//475 436//436
f 398//398 396//396 475//475
f 479//479 477//477 476//476
f 481//481 479//479 478//478
f 483//483 481//481 480//480
f 477//477 483//483 482//482
f 553//553 552//552 555//555
f 476//476 482//482 487//487
f 478//478 476//476 484//484
f 480//480 478//478 485//485
f 482//482 480//480 486//486
f 484//484 487//487 491//491
f 485//485 484//484 488//488
f 486//486 485//485 489//489
f 487//487 486//486 490//490
f 488//488 491//491 495//495
f 489//489 488//488 492//492
f 490//490 489//489 493//493
f 491//491 490//490 494//494
f 492//492 495//495 499//499
f 493//493 492//492 496//496
f 494//494 493//493 497//497
f 495//495 494//494 498//498
f 496//496 499//499 503//503
f 497//497 496//496 500//500
f 498//498 497//497 501//501
f 499//499 498//498 502//502
f 500//500 503//503 507//507
f 501//501 500//500 504//504
f 502//502 501//501 505//505
f 503//503 502//502 506//506
f 504//504 507//507 511//511
f 505//505 504//504 508//508
f 506//506 505//505 509//509
f 507//507 506//506 510//510
f 508//508 511//511 515//515
f 509//509 508//508 512//512
f 510//510 509//509 513//513
f 511//511 510//510 514//514
f 512//512 515//515 519//519
f 513//513 512//512 516//516
f 514//514 513//513 517//517
f 515//515 514//514 518//518
f 516//516 519//519 523//523
f 517//517 516//516 520//520
f 518//518 517//517 521//521
f 519//519 518//518 522//522
f 520//520 523//523 527//527
f 521//521 520//520 524//524
f 522//522 521//521 525//525
f 523//523 522//522 526//526
f 524//524 527//527 531//531
f 525//525 524//524 528//528
f 526//526 525//525 529//529
f 527//527 526//526 530//530
f 528//528 531//531 535//535
f 529//529 528//528 532//532
f 530//530 529//529 533//533
f 531//531 530//530 534//534
f 532//532 535//535 539//539
f 533//533 532//532 536//536
f 534//534 533//533 537//537
f 535//535 534//534 538//538
f 536//536 539//539 543//543
f 537//537 536//536 540//540
f 538//538 537//537 541//541
f 539//539 538//538 542//542
f 540//540 543//543 547//547
f 541//541 540//540 544//544
f 542//542 541//541 545//545
f 543//543 542//542 546//546
f 544//544 547//547 551//551
f 545//545 544//544 548//548
f 546//546 545//545 549//549
f 547//547 546//546 550//550
f 548//548 551//551 555//555
f 549//549 548//548 552//552
f 550//550 549//549 553//553
f 551//551 550//550 554//554
f 560//560 558//558 556//556
f 561//561 559//559 558//558
f 561//561 557//557 559//559
f 562//562 560//560 556//556
f 563//563 561//561 560//560
f 563//563 557//557 561//561
f 564//564 562//562 556//556
f 565//565 563//563 562//562
f 565//565 557//557 563//563
f 566//566 564//564 556//556
f 567//567 565//565 564//564
f 567//567 557//557 565//565
f 568//568 566//566 556//556
f 569//569 567//567 566//566
f 569//569 557//557 567//567
f 570//570 568//568 556//556
f 571//571 569//569 568//568
f 571//571 557//557 569//569
f 572//572 570//570 556//556
f 573//573 571//571 570//570
f 573//573 557//557 571//571
f 574//574 572//572 556//556
f 575//575 573//573 572//572
f 575//575 557//557 573//573
f 576//576 574//574 556//556
f 577//577 575//575 574//574
f 577//577 557//557 575//575
f 558//558 576//576 556//556
f 559//559 577//577 576//576
f 559//559 557//557 577//577
f 384//384 387//387 581//581
f 385//385 384//384 578//578
f 386//386 385//385 579//579
f 387//387 386//386 580//580
f 578//578 581//581 585//585
f 579//579 578//578 582//582
f 580//580 579//579 583//583
f 581//581 580//580 584//584
f 210//210 209//209 119//119
f 5//5 6//6 3//3
f 257//257 256//256 5//5
f 1//1 2//2 7//7
f 236//236 235//235 85//85
f 214//214 213//213 20//20
f 9//9 1//1 12//12
f 211//211 210//210 123//123
f 11//11 5//5 10//10
f 258//258 257//257 11//11
f 197//197 196//196 13//13
f 259//259 258//258 15//15
f 17//17 9//9 20//20
f 213//213 212//212 17//17
f 19//19 15//15 18//18
f 260//260 259//259 19//19
f 24//24 8//8 21//21
f 219//219 218//218 24//24
f 22//22 4//4 23//23
f 266//266 265//265 126//126
f 28//28 24//24 25//25
f 220//220 219//219 28//28
f 26//26 22//22 27//27
f 267//267 266//266 128//128
f 32//32 28//28 29//29
f 221//221 220//220 32//32
f 30//30 26//26 31//31
f 268//268 267//267 130//130
f 36//36 32//32 33//33
f 222//222 221//221 36//36
f 34//34 30//30 35//35
f 269//269 268//268 132//132
f 40//40 36//36 37//37
f 223//223 222//222 40//40
f 38//38 34//34 39//39
f 270//270 269//269 134//134
f 44//44 40//40 41//41
f 224//224 223//223 44//44
f 42//42 38//38 43//43
f 271//271 270//270 136//136
f 48//48 44//44 45//45
f 225//225 224//224 48//48
f 46//46 42//42 47//47
f 272//272 271//271 138//138
f 52//52 48//48 49//49
f 226//226 225//225 52//52
f 50//50 46//46 51//51
f 273//273 272//272 140//140
f 56//56 52//52 53//53
f 227//227 226//226 56//56
f 54//54 50//50 55//55
f 274//274 273//273 142//142
f 60//60 56//56 57//57
f 228//228 227//227 60//60
f 58//58 54//54 59//59
f 275//275 274//274 144//144
f 64//64 60//60 61//61
f 229//229 228//228 64//64
f 62//62 58//58 63//63
f 167//167 275//275 94//94
f 68//68 64//64 65//65
f 230//230 229//229 68//68
f 66//66 62//62 67//67
f 166//166 167//167 14//14
f 72//72 68//68 69//69
f 231//231 230//230 72//72
f 70//70 66//66 71//71
f 163//163 164//164 70//70
f 76//76 72//72 73//73
f 232//232 231//231 76//76
f 74//74 70//70 75//75
f 168//168 163//163 74//74
f 80//80 76//76 77//77
f 233//233 232//232 80//80
f 78//78 74//74 79//79
f 169//169 168//168 78//78
f 84//84 80//80 81//81
f 234//234 233//233 84//84
f 82//82 78//78 83//83
f 237//237 169//169 82//82
f 88//88 84//84 85//85
f 235//235 234//234 88//88
f 86//86 82//82 87//87
f 238//238 237//237 86//86
f 90//90 2//2 89//89
f 91//91 3//3 92//92
f 89//89 1//1 123//123
f 124//124 10//10 91//91
f 263//263 262//262 124//124
f 92//92 4//4 96//96
f 95//95 21//21 90//90
f 96//96 22//22 98//98
f 97//97 25//25 95//95
f 98//98 26//26 100//100
f 99//99 29//29 97//97
f 100//100 30//30 102//102
f 101//101 33//33 99//99
f 102//102 34//34 104//104
f 103//103 37//37 101//101
f 104//104 38//38 106//106
f 105//105 41//41 103//103
f 106//106 42//42 108//108
f 107//107 45//45 105//105
f 108//108 46//46 110//110
f 109//109 49//49 107//107
f 110//110 50//50 112//112
f 111//111 53//53 109//109
f 112//112 54//54 114//114
f 113//113 57//57 111//111
f 114//114 58//58 116//116
f 115//115 61//61 113//113
f 116//116 62//62 118//118
f 117//117 65//65 115//115
f 196//196 195//195 117//117
f 120//120 90//90 119//119
f 121//121 91//91 122//122
f 13//13 117//117 93//93
f 122//122 92//92 126//126
f 125//125 95//95 120//120
f 126//126 96//96 128//128
f 127//127 97//97 125//125
f 128//128 98//98 130//130
f 129//129 99//99 127//127
f 130//130 100//100 132//132
f 131//131 101//101 129//129
f 132//132 102//102 134//134
f 133//133 103//103 131//131
f 134//134 104//104 136//136
f 135//135 105//105 133//133
f 136//136 106//106 138//138
f 137//137 107//107 135//135
f 138//138 108//108 140//140
f 139//139 109//109 137//137
f 140//140 110//110 142//142
f 141//141 111//111 139//139
f 142//142 112//112 144//144
f 143//143 113//113 141//141
f 144//144 114//114 94//94
f 93//93 115//115 143//143
f 94//94 116//116 14//14
f 146//146 236//236 145//145
f 146//146 238//238 147//147
f 147//147 239//239 148//148
f 148//148 240//240 149//149
f 149//149 241//241 150//150
f 150//150 242//242 151//151
f 151//151 243//243 152//152
f 152//152 244//244 153//153
f 153//153 245//245 154//154
f 154//154 246//246 155//155
f 155//155 247//247 156//156
f 156//156 248//248 157//157
f 157//157 249//249 158//158
f 158//158 250//250 159//159
f 159//159 251//251 160//160
f 160//160 252//252 161//161
f 161//161 253//253 162//162
f 166//166 185//185 167//167
f 167//167 184//184 275//275
f 275//275 183//183 274//274
f 274//274 182//182 273//273
f 273//273 181//181 272//272
f 165//165 118//118 164//164
f 237//237 145//145 169//169
f 169//169 190//190 168//168
f 171//171 211//211 170//170
f 171//171 263//263 172//172
f 172//172 264//264 173//173
f 174//174 208//208 173//173
f 175//175 207//207 174//174
f 176//176 206//206 175//175
f 177//177 205//205 176//176
f 178//178 204//204 177//177
f 179//179 203//203 178//178
f 180//180 202//202 179//179
f 181//181 201//201 180//180
f 182//182 200//200 181//181
f 183//183 199//199 182//182
f 184//184 198//198 183//183
f 185//185 197//197 184//184
f 185//185 166//166 186//186
f 186//186 165//165 187//187
f 188//188 194//194 187//187
f 189//189 193//193 188//188
f 190//190 192//192 189//189
f 145//145 191//191 190//190
f 191//191 81//81 192//192
f 192//192 77//77 193//193
f 193//193 73//73 194//194
f 194//194 69//69 195//195
f 196//196 186//186 195//195
f 197//197 185//185 196//196
f 197//197 13//13 198//198
f 198//198 93//93 199//199
f 199//199 143//143 200//200
f 200//200 141//141 201//201
f 201//201 139//139 202//202
f 202//202 137//137 203//203
f 203//203 135//135 204//204
f 204//204 133//133 205//205
f 205//205 131//131 206//206
f 206//206 129//129 207//207
f 207//207 127//127 208//208
f 208//208 125//125 209//209
f 210//210 172//172 209//209
f 211//211 171//171 210//210
f 211//211 123//123 212//212
f 168//168 189//189 163//163
f 163//163 188//188 164//164
f 214//214 20//20 215//215
f 215//215 16//16 216//216
f 216//216 12//12 217//217
f 217//217 7//7 218//218
f 272//272 180//180 271//271
f 271//271 179//179 270//270
f 221//221 161//161 220//220
f 222//222 160//160 221//221
f 223//223 159//159 222//222
f 224//224 158//158 223//223
f 225//225 157//157 224//224
f 226//226 156//156 225//225
f 227//227 155//155 226//226
f 228//228 154//154 227//227
f 229//229 153//153 228//228
f 230//230 152//152 229//229
f 231//231 151//151 230//230
f 232//232 150//150 231//231
f 233//233 149//149 232//232
f 234//234 148//148 233//233
f 235//235 147//147 234//234
f 236//236 146//146 235//235
f 236//236 85//85 191//191
f 238//238 146//146 237//237
f 238//238 86//86 239//239
f 239//239 87//87 240//240
f 240//240 83//83 241//241
f 241//241 79//79 242//242
f 242//242 75//75 243//243
f 243//243 71//71 244//244
f 244//244 67//67 245//245
f 245//245 63//63 246//246
f 246//246 59//59 247//247
f 247//247 55//55 248//248
f 248//248 51//51 249//249
f 249//249 47//47 250//250
f 250//250 43//43 251//251
f 251//251 39//39 252//252
f 252//252 35//35 253//253
f 253//253 31//31 254//254
f 254//254 27//27 255//255
f 255//255 23//23 256//256
f 270//270 178//178 269//269
f 269//269 177//177 268//268
f 268//268 176//176 267//267
f 166//166 14//14 165//165
f 260//260 19//19 261//261
f 261//261 18//18 262//262
f 263//263 171//171 262//262
f 263//263 124//124 264//264
f 264//264 121//121 265//265
f 266//266 174//174 265//265
f 267//267 175//175 266//266
f 280//280 285//285 278//278
f 283//283 281//281 277//277
f 280//280 278//278 282//282
f 285//285 281//281 284//284
f 286//286 283//283 285//285
f 287//287 277//277 286//286
f 284//284 279//279 287//287
f 308//308 313//313 309//309
f 305//305 304//304 289//289
f 291//291 287//287 290//290
f 306//306 307//307 291//291
f 289//289 282//282 288//288
f 295//295 294//294 292//292
f 295//295 283//283 292//292
f 294//294 281//281 295//295
f 293//293 279//279 294//294
f 292//292 277//277 293//293
f 299//299 298//298 296//296
f 299//299 295//295 296//296
f 298//298 294//294 299//299
f 297//297 293//293 298//298
f 296//296 292//292 297//297
f 300//300 296//296 301//301
f 303//303 299//299 300//300
f 302//302 298//298 303//303
f 301//301 297//297 302//302
f 305//305 290//290 304//304
f 313//313 311//311 312//312
f 306//306 288//288 307//307
f 312//312 315//315 309//309
f 315//315 305//305 314//314
f 308//308 317//317 313//313
f 317//317 288//288 316//316
f 309//309 314//314 308//308
f 314//314 289//289 317//317
f 310//310 318//318 312//312
f 318//318 290//290 315//315
f 311//311 319//319 310//310
f 319//319 291//291 318//318
f 313//313 316//316 311//311
f 316//316 306//306 319//319
f 322//322 323//323 320//320
f 324//324 325//325 322//322
f 398//398 399//399 396//396
f 320//320 321//321 326//326
f 323//323 325//325 321//321
f 584//584 583//583 585//585
f 328//328 320//320 331//331
f 329//329 322//322 328//328
f 330//330 324//324 329//329
f 403//403 401//401 402//402
f 332//332 328//328 335//335
f 333//333 329//329 332//332
f 334//334 330//330 333//333
f 405//405 403//403 404//404
f 336//336 332//332 339//339
f 337//337 333//333 336//336
f 338//338 334//334 337//337
f 407//407 405//405 406//406
f 340//340 336//336 343//343
f 341//341 337//337 340//340
f 342//342 338//338 341//341
f 409//409 407//407 408//408
f 344//344 340//340 347//347
f 345//345 341//341 344//344
f 346//346 342//342 345//345
f 411//411 409//409 410//410
f 348//348 357//357 351//351
f 349//349 358//358 348//348
f 350//350 359//359 349//349
f 413//413 416//416 412//412
f 352//352 348//348 355//355
f 353//353 349//349 352//352
f 354//354 350//350 353//353
f 415//415 413//413 414//414
f 357//357 344//344 356//356
f 358//358 345//345 357//357
f 359//359 346//346 358//358
f 416//416 411//411 417//417
f 360//360 352//352 363//363
f 361//361 353//353 360//360
f 362//362 354//354 361//361
f 419//419 415//415 418//418
f 364//364 360//360 367//367
f 365//365 361//361 364//364
f 366//366 362//362 365//365
f 421//421 419//419 420//420
f 368//368 364//364 371//371
f 369//369 365//365 368//368
f 370//370 366//366 369//369
f 423//423 421//421 422//422
f 372//372 368//368 375//375
f 373//373 369//369 372//372
f 374//374 370//370 373//373
f 425//425 423//423 424//424
f 376//376 372//372 379//379
f 377//377 373//373 376//376
f 378//378 374//374 377//377
f 427//427 425//425 426//426
f 380//380 376//376 383//383
f 381//381 377//377 380//380
f 382//382 378//378 381//381
f 429//429 427//427 428//428
f 384//384 380//380 387//387
f 385//385 381//381 384//384
f 386//386 382//382 385//385
f 431//431 429//429 430//430
f 389//389 325//325 388//388
f 391//391 327//327 389//389
f 390//390 326//326 391//391
f 432//432 400//400 433//433
f 393//393 389//389 392//392
f 395//395 391//391 393//393
f 394//394 390//390 395//395
f 434//434 432//432 435//435
f 397//397 393//393 396//396
f 399//399 395//395 397//397
f 398//398 394//394 399//399
f 436//436 434//434 437//437
f 400//400 439//439 402//402
f 439//439 324//324 438//438
f 403//403 441//441 401//401
f 441//441 331//331 440//440
f 402//402 438//438 404//404
f 438//438 330//330 442//442
f 405//405 443//443 403//403
f 443//443 335//335 441//441
f 404//404 442//442 406//406
f 442//442 334//334 444//444
f 407//407 445//445 405//405
f 445//445 339//339 443//443
f 406//406 444//444 408//408
f 444//444 338//338 446//446
f 409//409 447//447 407//407
f 447//447 343//343 445//445
f 408//408 446//446 410//410
f 446//446 342//342 448//448
f 411//411 449//449 409//409
f 449//449 347//347 447//447
f 417//417 451//451 412//412
f 451//451 359//359 450//450
f 413//413 453//453 416//416
f 453//453 351//351 452//452
f 412//412 450//450 414//414
f 450//450 350//350 454//454
f 415//415 455//455 413//413
f 455//455 355//355 453//453
f 410//410 448//448 417//417
f 448//448 346//346 451//451
f 416//416 452//452 411//411
f 452//452 356//356 449//449
f 414//414 454//454 418//418
f 454//454 354//354 456//456
f 419//419 457//457 415//415
f 457//457 363//363 455//455
f 418//418 456//456 420//420
f 456//456 362//362 458//458
f 421//421 459//459 419//419
f 459//459 367//367 457//457
f 420//420 458//458 422//422
f 458//458 366//366 460//460
f 423//423 461//461 421//421
f 461//461 371//371 459//459
f 422//422 460//460 424//424
f 460//460 370//370 462//462
f 425//425 463//463 423//423
f 463//463 375//375 461//461
f 424//424 462//462 426//426
f 462//462 374//374 464//464
f 427//427 465//465 425//425
f 465//465 379//379 463//463
f 426//426 464//464 428//428
f 464//464 378//378 466//466
f 429//429 467//467 427//427
f 467//467 383//383 465//465
f 428//428 466//466 430//430
f 466//466 382//382 468//468
f 431//431 469//469 429//429
f 469//469 387//387 467//467
f 430//430 468//468 431//431
f 468//468 386//386 469//469
f 401//401 440//440 433//433
f 440//440 326//326 470//470
f 432//432 471//471 400//400
f 471//471 388//388 439//439
f 433//433 470//470 435//435
f 470//470 390//390 472//472
f 434//434 473//473 432//432
f 473//473 392//392 471//471
f 435//435 472//472 437//437
f 472//472 394//394 474//474
f 436//436 475//475 434//434
f 475//475 396//396 473//473
f 437//437 474//474 436//436
f 474//474 398//398 475//475
f 478//478 479//479 476//476
f 480//480 481//481 478//478
f 482//482 483//483 480//480
f 476//476 477//477 482//482
f 554//554 553//553 555//555
f 484//484 476//476 487//487
f 485//485 478//478 484//484
f 486//486 480//480 485//485
f 487//487 482//482 486//486
f 488//488 484//484 491//491
f 489//489 485//485 488//488
f 490//490 486//486 489//489
f 491//491 487//487 490//490
f 492//492 488//488 495//495
f 493//493 489//489 492//492
f 494//494 490//490 493//493
f 495//495 491//491 494//494
f 496//496 492//492 499//499
f 497//497 493//493 496//496
f 498//498 494//494 497//497
f 499//499 495//495 498//498
f 500//500 496//496 503//503
f 501//501 497//497 500//500
f 502//502 498//498 501//501
f 503//503 499//499 502//502
f 504//504 500//500 507//507
f 505//505 501//501 504//504
f 506//506 502//502 505//505
f 507//507 503//503 506//506
f 508//508 504//504 511//511
f 509//509 505//505 508//508
f 510//510 506//506 509//509
f 511//511 507//507 510//510
f 512//512 508//508 515//515
f 513//513 509//509 512//512
f 514//514 510//510 513//513
f 515//515 511//511 514//514
f 516//516 512//512 519//519
f 517//517 513//513 516//516
f 518//518 514//514 517//517
f 519//519 515//515 518//518
f 520//520 516//516 523//523
f 521//521 517//517 520//520
f 522//522 518//518 521//521
f 523//523 519//519 522//522
f 524//524 520//520 527//527
f 525//525 521//521 524//524
f 526//526 522//522 525//525
f 527//527 523//523 526//526
f 528//528 524//524 531//531
f 529//529 525//525 528//528
f 530//530 526//526 529//529
f 531//531 527//527 530//530
f 532//532 528//528 535//535
f 533//533 529//529 532//532
f 534//534 530//530 533//533
f 535//535 531//531 534//534
f 536//536 532//532 539//539
f 537//537 533//533 536//536
f 538//538 534//534 537//537
f 539//539 535//535 538//538
f 540//540 536//536 543//543
f 541//541 537//537 540//540
f 542//542 538//538 541//541
f 543//543 539//539 542//542
f 544//544 540//540 547//547
f 545//545 541//541 544//544
f 546//546 542//542 545//545
f 547//547 543//543 546//546
f 548//548 544//544 551//551
f 549//549 545//545 548//548
f 550//550 546//546 549//549
f 551//551 547//547 550//550
f 552//552 548//548 555//555
f 553//553 549//549 552//552
f 554//554 550//550 553//553
f 555//555 551//551 554//554
f 560//560 561//561 558//558
f 562//562 563//563 560//560
f 564//564 565//565 562//562
f 566//566 567//567 564//564
f 568//568 569//569 566//566
f 570//570 571//571 568//568
f 572//572 573//573 570//570
f 574//574 575//575 572//572
f 576//576 577//577 574//574
f 558//558 559//559 576//576
f 578//578 384//384 581//581
f 579//579 385//385 578//578
f 580//580 386//386 579//579
f 581//581 387//387 580//580
f 582//582 578//578 585//585
f 583//583 579//579 582//582
f 584//584 580//580 583//583
f 585//585 581//581 584//584
f 307//307 278//278 284//284
f 304//304 286//286 285//285
f 307//307 304//304 286//286
f 287//287 307//307 284//284
f 287//287 307//307 286//286
f 282//282 304//304 280//280
f 282//282 304//304 276//276
f 747//747 746//746 586//586
f 695//695 590//590 588//588
f 669//669 587//587 668//668
f 746//746 745//745 586//586
f 696//696 592//592 590//590
f 670//670 587//587 669//669
f 745//745 744//744 586//586
f 697//697 594//594 592//592
f 671//671 587//587 670//670
f 744//744 743//743 586//586
f 698//698 596//596 594//594
f 672//672 587//587 671//671
f 743//743 742//742 586//586
f 699//699 598//598 596//596
f 673//673 587//587 672//672
f 742//742 741//741 586//586
f 684//684 600//600 598//598
f 674//674 587//587 673//673
f 741//741 740//740 586//586
f 685//685 602//602 600//600
f 675//675 587//587 674//674
f 740//740 739//739 586//586
f 686//686 604//604 602//602
f 676//676 587//587 675//675
f 739//739 738//738 586//586
f 687//687 606//606 604//604
f 677//677 587//587 676//676
f 738//738 737//737 586//586
f 688//688 608//608 606//606
f 678//678 587//587 677//677
f 737//737 736//736 586//586
f 689//689 610//610 608//608
f 679//679 587//587 678//678
f 736//736 735//735 586//586
f 690//690 612//612 610//610
f 680//680 587//587 679//679
f 735//735 734//734 586//586
f 691//691 614//614 612//612
f 681//681 587//587 680//680
f 734//734 733//733 586//586
f 692//692 616//616 614//614
f 682//682 587//587 681//681
f 733//733 732//732 586//586
f 693//693 618//618 616//616
f 683//683 587//587 682//682
f 732//732 747//747 586//586
f 694//694 588//588 618//618
f 668//668 587//587 683//683
f 636//636 637//637 653//653
f 637//637 638//638 654//654
f 638//638 639//639 655//655
f 639//639 640//640 656//656
f 640//640 641//641 657//657
f 641//641 642//642 658//658
f 642//642 643//643 659//659
f 643//643 644//644 660//660
f 644//644 645//645 661//661
f 645//645 646//646 662//662
f 646//646 647//647 663//663
f 647//647 648//648 664//664
f 648//648 649//649 665//665
f 649//649 650//650 666//666
f 650//650 651//651 667//667
f 651//651 636//636 652//652
f 589//589 591//591 637//637
f 621//621 620//620 652//652
f 591//591 593//593 638//638
f 622//622 621//621 653//653
f 593//593 595//595 639//639
f 623//623 622//622 654//654
f 595//595 597//597 640//640
f 624//624 623//623 655//655
f 597//597 599//599 641//641
f 625//625 624//624 656//656
f 599//599 601//601 642//642
f 626//626 625//625 657//657
f 601//601 603//603 643//643
f 627//627 626//626 658//658
f 603//603 605//605 644//644
f 628//628 627//627 659//659
f 605//605 607//607 645//645
f 629//629 628//628 660//660
f 607//607 609//609 646//646
f 630//630 629//629 661//661
f 609//609 611//611 647//647
f 631//631 630//630 662//662
f 611//611 613//613 648//648
f 632//632 631//631 663//663
f 613//613 615//615 649//649
f 633//633 632//632 664//664
f 615//615 617//617 650//650
f 634//634 633//633 665//665
f 617//617 619//619 651//651
f 635//635 634//634 666//666
f 619//619 589//589 636//636
f 620//620 635//635 667//667
f 620//620 621//621 669//669
f 621//621 622//622 670//670
f 622//622 623//623 671//671
f 623//623 624//624 672//672
f 624//624 625//625 673//673
f 625//625 626//626 674//674
f 626//626 627//627 675//675
f 627//627 628//628 676//676
f 628//628 629//629 677//677
f 629//629 630//630 678//678
f 630//630 631//631 679//679
f 631//631 632//632 680//680
f 632//632 633//633 681//681
f 633//633 634//634 682//682
f 634//634 635//635 683//683
f 635//635 620//620 668//668
f 603//603 601//601 684//684
f 605//605 603//603 685//685
f 607//607 605//605 686//686
f 609//609 607//607 687//687
f 611//611 609//609 688//688
f 613//613 611//611 689//689
f 615//615 613//613 690//690
f 617//617 615//615 691//691
f 619//619 617//617 692//692
f 589//589 619//619 693//693
f 591//591 589//589 694//694
f 593//593 591//591 695//695
f 595//595 593//593 696//696
f 597//597 595//595 697//697
f 599//599 597//597 698//698
f 601//601 599//599 699//699
f 727//727 726//726 700//700
f 728//728 727//727 701//701
f 729//729 728//728 702//702
f 730//730 729//729 703//703
f 731//731 730//730 704//704
f 716//716 731//731 705//705
f 717//717 716//716 706//706
f 718//718 717//717 707//707
f 719//719 718//718 708//708
f 720//720 719//719 709//709
f 721//721 720//720 710//710
f 722//722 721//721 711//711
f 723//723 722//722 712//712
f 724//724 723//723 713//713
f 725//725 724//724 714//714
f 726//726 725//725 715//715
f 695//695 694//694 726//726
f 588//588 590//590 701//701
f 696//696 695//695 727//727
f 590//590 592//592 702//702
f 691//691 690//690 722//722
f 612//612 614//614 713//713
f 697//697 696//696 728//728
f 592//592 594//594 703//703
f 692//692 691//691 723//723
f 614//614 616//616 714//714
f 698//698 697//697 729//729
f 594//594 596//596 704//704
f 699//699 698//698 730//730
f 596//596 598//598 705//705
f 684//684 699//699 731//731
f 598//598 600//600 706//706
f 685//685 684//684 716//716
f 600//600 602//602 707//707
f 686//686 685//685 717//717
f 602//602 604//604 708//708
f 687//687 686//686 718//718
f 604//604 606//606 709//709
f 688//688 687//687 719//719
f 606//606 608//608 710//710
f 689//689 688//688 720//720
f 608//608 610//610 711//711
f 690//690 689//689 721//721
f 610//610 612//612 712//712
f 693//693 692//692 724//724
f 616//616 618//618 715//715
f 694//694 693//693 725//725
f 618//618 588//588 700//700
f 590//590 588//588 747//747
f 592//592 590//590 746//746
f 594//594 592//592 745//745
f 596//596 594//594 744//744
f 598//598 596//596 743//743
f 600//600 598//598 742//742
f 602//602 600//600 741//741
f 604//604 602//602 740//740
f 606//606 604//604 739//739
f 608//608 606//606 738//738
f 610//610 608//608 737//737
f 612//612 610//610 736//736
f 614//614 612//612 735//735
f 616//616 614//614 734//734
f 618//618 616//616 733//733
f 588//588 618//618 732//732
f 764//764 763//763 748//748
f 763//763 762//762 748//748
f 762//762 761//761 748//748
f 761//761 760//760 748//748
f 760//760 759//759 748//748
f 759//759 758//758 748//748
f 758//758 757//757 748//748
f 757//757 756//756 748//748
f 756//756 755//755 748//748
f 755//755 754//754 748//748
f 754//754 753//753 748//748
f 753//753 752//752 748//748
f 752//752 751//751 748//748
f 751//751 750//750 748//748
f 750//750 749//749 748//748
f 749//749 764//764 748//748
f 746//746 747//747 764//764
f 735//735 736//736 753//753
f 745//745 746//746 763//763
f 734//734 735//735 752//752
f 744//744 745//745 762//762
f 743//743 744//744 761//761
f 742//742 743//743 760//760
f 747//747 732//732 749//749
f 741//741 742//742 759//759
f 740//740 741//741 758//758
f 739//739 740//740 757//757
f 738//738 739//739 756//756
f 737//737 738//738 755//755
f 736//736 737//737 754//754
f 733//733 734//734 751//751
f 732//732 733//733 750//750
f 694//694 695//695 588//588
f 695//695 696//696 590//590
f 696//696 697//697 592//592
f 697//697 698//698 594//594
f 698//698 699//699 596//596
f 699//699 684//684 598//598
f 684//684 685//685 600//600
f 685//685 686//686 602//602
f 686//686 687//687 604//604
f 687//687 688//688 606//606
f 688//688 689//689 608//608
f 689//689 690//690 610//610
f 690//690 691//691 612//612
f 691//691 692//692 614//614
f 692//692 693//693 616//616
f 693//693 694//694 618//618
f 652//652 636//636 653//653
f 653//653 637//637 654//654
f 654//654 638//638 655//655
f 655//655 639//639 656//656
f 656//656 640//640 657//657
f 657//657 641//641 658//658
f 658//658 642//642 659//659
f 659//659 643//643 660//660
f 660//660 644//644 661//661
f 661//661 645//645 662//662
f 662//662 646//646 663//663
f 663//663 647//647 664//664
f 664//664 648//648 665//665
f 665//665 649//649 666//666
f 666//666 650//650 667//667
f 667//667 651//651 652//652
f 636//636 589//589 637//637
f 653//653 621//621 652//652
f 637//637 591//591 638//638
f 654//654 622//622 653//653
f 638//638 593//593 639//639
f 655//655 623//623 654//654
f 639//639 595//595 640//640
f 656//656 624//624 655//655
f 640//640 597//597 641//641
f 657//657 625//625 656//656
f 641//641 599//599 642//642
f 658//658 626//626 657//657
f 642//642 601//601 643//643
f 659//659 627//627 658//658
f 643//643 603//603 644//644
f 660//660 628//628 659//659
f 644//644 605//605 645//645
f 661//661 629//629 660//660
f 645//645 607//607 646//646
f 662//662 630//630 661//661
f 646//646 609//609 647//647
f 663//663 631//631 662//662
f 647//647 611//611 648//648
f 664//664 632//632 663//663
f 648//648 613//613 649//649
f 665//665 633//633 664//664
f 649//649 615//615 650//650
f 666//666 634//634 665//665
f 650//650 617//617 651//651
f 667//667 635//635 666//666
f 651//651 619//619 636//636
f 652//652 620//620 667//667
f 668//668 620//620 669//669
f 669//669 621//621 670//670
f 670//670 622//622 671//671
f 671//671 623//623 672//672
f 672//672 624//624 673//673
f 673//673 625//625 674//674
f 674//674 626//626 675//675
f 675//675 627//627 676//676
f 676//676 628//628 677//677
f 677//677 629//629 678//678
f 678//678 630//630 679//679
f 679//679 631//631 680//680
f 680//680 632//632 681//681
f 681//681 633//633 682//682
f 682//682 634//634 683//683
f 683//683 635//635 668//668
f 685//685 603//603 684//684
f 686//686 605//605 685//685
f 687//687 607//607 686//686
f 688//688 609//609 687//687
f 689//689 611//611 688//688
f 690//690 613//613 689//689
f 691//691 615//615 690//690
f 692//692 617//617 691//691
f 693//693 619//619 692//692
f 694//694 589//589 693//693
f 695//695 591//591 694//694
f 696//696 593//593 695//695
f 697//697 595//595 696//696
f 698//698 597//597 697//697
f 699//699 599//599 698//698
f 684//684 601//601 699//699
f 701//701 727//727 700//700
f 702//702 728//728 701//701
f 703//703 729//729 702//702
f 704//704 730//730 703//703
f 705//705 731//731 704//704
f 706//706 716//716 705//705
f 707//707 717//717 706//706
f 708//708 718//718 707//707
f 709//709 719//719 708//708
f 710//710 720//720 709//709
f 711//711 721//721 710//710
f 712//712 722//722 711//711
f 713//713 723//723 712//712
f 714//714 724//724 713//713
f 715//715 725//725 714//714
f 700//700 726//726 715//715
f 727//727 695//695 726//726
f 700//700 588//588 701//701
f 728//728 696//696 727//727
f 701//701 590//590 702//702
f 723//723 691//691 722//722
f 712//712 612//612 713//713
f 729//729 697//697 728//728
f 702//702 592//592 703//703
f 724//724 692//692 723//723
f 713//713 614//614 714//714
f 730//730 698//698 729//729
f 703//703 594//594 704//704
f 731//731 699//699 730//730
f 704//704 596//596 705//705
f 716//716 684//684 731//731
f 705//705 598//598 706//706
f 717//717 685//685 716//716
f 706//706 600//600 707//707
f 718//718 686//686 717//717
f 707//707 602//602 708//708
f 719//719 687//687 718//718
f 708//708 604//604 709//709
f 720//720 688//688 719//719
f 709//709 606//606 710//710
f 721//721 689//689 720//720
f 710//710 608//608 711//711
f 722//722 690//690 721//721
f 711//711 610//610 712//712
f 725//725 693//693 724//724
f 714//714 616//616 715//715
f 726//726 694//694 725//725
f 715//715 618//618 700//700
f 746//746 590//590 747//747
f 745//745 592//592 746//746
f 744//744 594//594 745//745
f 743//743 596//596 744//744
f 742//742 598//598 743//743
f 741//741 600//600 742//742
f 740//740 602//602 741//741
f 739//739 604//604 740//740
f 738//738 606//606 739//739
f 737//737 608//608 738//738
f 736//736 610//610 737//737
f 735//735 612//612 736//736
f 734//734 614//614 735//735
f 733//733 616//616 734//734
f 732//732 618//618 733//733
f 747//747 588//588 732//732
f 763//763 746//746 764//764
f 752//752 735//735 753//753
f 762//762 745//745 763//763
f 751//751 734//734 752//752
f 761//761 744//744 762//762
f 760//760 743//743 761//761
f 759//759 742//742 760//760
f 764//764 747//747 749//749
f 758//758 741//741 759//759
f 757//757 740//740 758//758
f 756//756 739//739 757//757
f 755//755 738//738 756//756
f 754//754 737//737 755//755
f 753//753 736//736 754//754
f 750//750 733//733 751//751
f 749//749 732//732 750//750
f 768//768 766//766 765//765
f 770//770 766//766 768//768
f 772//772 770//770 769//769
f 774//774 772//772 771//771
f 776//776 774//774 773//773
f 778//778 776//776 775//775
f 780//780 778//778 777//777
f 784//784 783//783 781//781
f 786//786 785//785 784//784
f 788//788 787//787 785//785
f 790//790 789//789 787//787
f 792//792 791//791 789//789
f 794//794 793//793 791//791
f 796//796 795//795 793//793
f 767//767 765//765 781//781
f 768//768 767//767 783//783
f 765//765 766//766 782//782
f 769//769 768//768 784//784
f 766//766 770//770 786//786
f 771//771 769//769 785//785
f 770//770 772//772 788//788
f 773//773 771//771 787//787
f 772//772 774//774 790//790
f 775//775 773//773 789//789
f 774//774 776//776 792//792
f 777//777 775//775 791//791
f 776//776 778//778 794//794
f 779//779 777//777 793//793
f 780//780 779//779 795//795
f 778//778 780//780 796//796
f 767//767 768//768 765//765
f 769//769 770//770 768//768
f 771//771 772//772 769//769
f 773//773 774//774 771//771
f 775//775 776//776 773//773
f 777//777 778//778 775//775
f 779//779 780//780 777//777
f 782//782 784//784 781//781
f 782//782 786//786 784//784
f 786//786 788//788 785//785
f 788//788 790//790 787//787
f 790//790 792//792 789//789
f 792//792 794//794 791//791
f 794//794 796//796 793//793
f 783//783 767//767 781//781
f 784//784 768//768 783//783
f 781//781 765//765 782//782
f 785//785 769//769 784//784
f 782//782 766//766 786//786
f 787//787 771//771 785//785
f 786//786 770//770 788//788
f 789//789 773//773 787//787
f 788//788 772//772 790//790
f 791//791 775//775 789//789
f 790//790 774//774 792//792
f 793//793 777//777 791//791
f 792//792 776//776 794//794
f 795//795 779//779 793//793
f 796//796 780//780 795//795
f 794//794 778//778 796//796
f 1112//1112 1128//1128 1114//1114
f 1114//1114 1121//1121 1120//1120
f 1124//1124 1125//1125 1128//1128
f 1524//1524 1531//1531 1520//1520
f 1708//1708 1650//1650 1208//1208
f 832//832 830//830 829//829
f 808//808 800//800 799//799
f 804//804 802//802 801//801
f 817//817 804//804 803//803
f 808//808 805//805 798//798
f 819//819 818//818 803//803
f 797//797 798//798 805//805
f 799//799 797//797 806//806
f 811//811 812//812 808//808
f 812//812 809//809 805//805
f 806//806 805//805 809//809
f 807//807 806//806 810//810
f 815//815 816//816 812//812
f 816//816 813//813 809//809
f 810//810 809//809 813//813
f 811//811 810//810 814//814
f 819//819 820//820 816//816
f 820//820 817//817 813//813
f 814//814 813//813 817//817
f 815//815 814//814 818//818
f 801//801 802//802 820//820
f 802//802 804//804 817//817
f 798//798 797//797 821//821
f 800//800 798//798 822//822
f 799//799 800//800 824//824
f 797//797 799//799 823//823
f 822//822 821//821 825//825
f 824//824 822//822 826//826
f 823//823 824//824 828//828
f 821//821 823//823 827//827
f 826//826 825//825 829//829
f 828//828 826//826 830//830
f 827//827 828//828 832//832
f 825//825 827//827 831//831
f 918//918 834//834 833//833
f 851//851 836//836 835//835
f 912//912 838//838 837//837
f 848//848 840//840 839//839
f 919//919 852//852 834//834
f 914//914 845//845 839//839
f 916//916 849//849 841//841
f 846//846 847//847 843//843
f 925//925 874//874 872//872
f 849//849 852//852 844//844
f 915//915 841//841 845//845
f 837//837 838//838 847//847
f 930//930 840//840 848//848
f 841//841 844//844 848//848
f 917//917 833//833 849//849
f 842//842 843//843 851//851
f 924//924 872//872 876//876
f 833//833 834//834 852//852
f 848//848 844//844 854//854
f 929//929 848//848 856//856
f 843//843 847//847 855//855
f 844//844 852//852 858//858
f 851//851 843//843 853//853
f 901//901 851//851 857//857
f 856//856 854//854 860//860
f 928//928 856//856 862//862
f 853//853 855//855 861//861
f 854//854 858//858 864//864
f 857//857 853//853 859//859
f 902//902 857//857 863//863
f 862//862 860//860 866//866
f 927//927 862//862 868//868
f 859//859 861//861 867//867
f 860//860 864//864 870//870
f 863//863 859//859 865//865
f 903//903 863//863 869//869
f 868//868 866//866 872//872
f 926//926 868//868 874//874
f 865//865 867//867 873//873
f 866//866 870//870 876//876
f 869//869 865//865 871//871
f 904//904 869//869 875//875
f 932//932 933//933 877//877
f 885//885 949//949 879//879
f 948//948 931//931 879//879
f 947//947 948//948 880//880
f 894//894 893//893 888//888
f 877//877 894//894 887//887
f 923//923 922//922 957//957
f 913//913 930//930 949//949
f 878//878 877//877 886//886
f 893//893 892//892 882//882
f 920//920 919//919 884//884
f 921//921 920//920 959//959
f 959//959 884//884 890//890
f 937//937 938//938 890//890
f 936//936 937//937 891//891
f 935//935 936//936 892//892
f 934//934 935//935 893//893
f 933//933 934//934 894//894
f 837//837 846//846 896//896
f 846//846 842//842 897//897
f 842//842 850//850 898//898
f 850//850 835//835 899//899
f 835//835 836//836 900//900
f 836//836 851//851 901//901
f 939//939 938//938 901//901
f 940//940 939//939 902//902
f 941//941 940//940 903//903
f 942//942 941//941 904//904
f 875//875 871//871 906//906
f 871//871 873//873 907//907
f 873//873 867//867 908//908
f 867//867 861//861 909//909
f 861//861 855//855 910//910
f 855//855 847//847 911//911
f 847//847 838//838 912//912
f 932//932 931//931 912//912
f 885//885 886//886 914//914
f 886//886 887//887 915//915
f 887//887 888//888 916//916
f 888//888 882//882 917//917
f 882//882 883//883 918//918
f 883//883 884//884 919//919
f 858//858 852//852 919//919
f 864//864 858//858 920//920
f 870//870 864//864 921//921
f 876//876 870//870 922//922
f 956//956 955//955 924//924
f 955//955 954//954 925//925
f 954//954 953//953 926//926
f 953//953 952//952 927//927
f 952//952 951//951 928//928
f 951//951 950//950 929//929
f 950//950 949//949 930//930
f 839//839 840//840 930//930
f 878//878 879//879 931//931
f 895//895 896//896 933//933
f 896//896 897//897 934//934
f 897//897 898//898 935//935
f 898//898 899//899 936//936
f 899//899 900//900 937//937
f 900//900 901//901 938//938
f 889//889 890//890 938//938
f 922//922 921//921 958//958
f 891//891 890//890 884//884
f 892//892 891//891 883//883
f 905//905 906//906 943//943
f 906//906 907//907 944//944
f 907//907 908//908 945//945
f 908//908 909//909 946//946
f 909//909 910//910 947//947
f 910//910 911//911 948//948
f 911//911 912//912 931//931
f 880//880 879//879 949//949
f 881//881 880//880 950//950
f 889//889 881//881 951//951
f 939//939 947//947 881//881
f 959//959 951//951 952//952
f 958//958 952//952 953//953
f 957//957 953//953 954//954
f 942//942 944//944 945//945
f 946//946 940//940 941//941
f 940//940 946//946 947//947
f 1004//1004 1005//1005 1037//1037
f 983//983 985//985 970//970
f 1003//1003 1004//1004 1036//1036
f 972//972 964//964 962//962
f 964//964 972//972 1005//1005
f 1002//1002 1003//1003 1035//1035
f 1005//1005 1006//1006 1038//1038
f 981//981 983//983 962//962
f 1001//1001 1002//1002 1034//1034
f 964//964 968//968 966//966
f 968//968 964//964 1004//1004
f 1000//1000 1001//1001 1033//1033
f 1006//1006 1007//1007 1039//1039
f 979//979 981//981 966//966
f 999//999 1000//1000 1032//1032
f 968//968 976//976 974//974
f 976//976 968//968 1003//1003
f 998//998 999//999 1031//1031
f 1007//1007 1008//1008 961//961
f 985//985 987//987 982//982
f 997//997 998//998 1030//1030
f 984//984 972//972 970//970
f 972//972 984//984 1006//1006
f 996//996 997//997 1029//1029
f 1008//1008 993//993 1025//1025
f 977//977 979//979 974//974
f 995//995 996//996 1028//1028
f 976//976 980//980 978//978
f 980//980 976//976 1002//1002
f 994//994 995//995 1027//1027
f 993//993 994//994 1026//1026
f 975//975 977//977 978//978
f 1011//1011 1009//1009 994//994
f 1009//1009 1011//1011 1012//1012
f 960//960 963//963 1010//1010
f 1009//1009 1013//1013 995//995
f 1013//1013 1009//1009 1010//1010
f 963//963 965//965 1014//1014
f 1013//1013 1015//1015 996//996
f 1015//1015 1013//1013 1014//1014
f 965//965 967//967 1016//1016
f 1017//1017 1011//1011 993//993
f 1011//1011 1017//1017 1018//1018
f 991//991 960//960 1012//1012
f 1015//1015 1019//1019 997//997
f 1019//1019 1015//1015 1016//1016
f 967//967 969//969 1020//1020
f 1019//1019 1021//1021 998//998
f 1021//1021 1019//1019 1020//1020
f 969//969 971//971 1022//1022
f 1023//1023 1017//1017 1008//1008
f 1017//1017 1023//1023 1024//1024
f 989//989 991//991 1018//1018
f 1021//1021 992//992 999//999
f 992//992 1021//1021 1022//1022
f 971//971 973//973 990//990
f 992//992 988//988 1000//1000
f 988//988 992//992 990//990
f 973//973 975//975 986//986
f 984//984 1023//1023 1007//1007
f 1023//1023 984//984 982//982
f 987//987 989//989 1024//1024
f 988//988 980//980 1001//1001
f 980//980 988//988 986//986
f 1082//1082 1083//1083 1040//1040
f 1045//1045 1043//1043 1042//1042
f 1063//1063 1041//1041 1062//1062
f 1083//1083 1084//1084 1040//1040
f 1047//1047 1045//1045 1044//1044
f 1064//1064 1041//1041 1063//1063
f 1084//1084 1085//1085 1040//1040
f 1049//1049 1047//1047 1046//1046
f 1065//1065 1041//1041 1064//1064
f 1085//1085 1086//1086 1040//1040
f 1051//1051 1049//1049 1048//1048
f 1066//1066 1041//1041 1065//1065
f 1086//1086 1087//1087 1040//1040
f 1053//1053 1051//1051 1050//1050
f 1067//1067 1041//1041 1066//1066
f 1087//1087 1088//1088 1040//1040
f 1055//1055 1053//1053 1052//1052
f 1068//1068 1041//1041 1067//1067
f 1088//1088 1089//1089 1040//1040
f 1057//1057 1055//1055 1054//1054
f 1069//1069 1041//1041 1068//1068
f 1089//1089 1090//1090 1040//1040
f 1059//1059 1057//1057 1056//1056
f 1070//1070 1041//1041 1069//1069
f 1090//1090 1091//1091 1040//1040
f 1061//1061 1059//1059 1058//1058
f 1071//1071 1041//1041 1070//1070
f 1091//1091 1082//1082 1040//1040
f 1043//1043 1061//1061 1060//1060
f 1062//1062 1041//1041 1071//1071
f 1073//1073 1072//1072 1063//1063
f 1043//1043 1045//1045 1072//1072
f 1072//1072 1074//1074 1064//1064
f 1045//1045 1047//1047 1074//1074
f 1074//1074 1075//1075 1065//1065
f 1047//1047 1049//1049 1075//1075
f 1075//1075 1076//1076 1066//1066
f 1049//1049 1051//1051 1076//1076
f 1076//1076 1077//1077 1067//1067
f 1051//1051 1053//1053 1077//1077
f 1077//1077 1078//1078 1068//1068
f 1053//1053 1055//1055 1078//1078
f 1078//1078 1079//1079 1069//1069
f 1055//1055 1057//1057 1079//1079
f 1079//1079 1080//1080 1070//1070
f 1057//1057 1059//1059 1080//1080
f 1080//1080 1081//1081 1071//1071
f 1059//1059 1061//1061 1081//1081
f 1081//1081 1073//1073 1062//1062
f 1061//1061 1043//1043 1073//1073
f 1044//1044 1042//1042 1082//1082
f 1046//1046 1044//1044 1083//1083
f 1048//1048 1046//1046 1084//1084
f 1050//1050 1048//1048 1085//1085
f 1052//1052 1050//1050 1086//1086
f 1054//1054 1052//1052 1087//1087
f 1056//1056 1054//1054 1088//1088
f 1058//1058 1056//1056 1089//1089
f 1060//1060 1058//1058 1090//1090
f 1042//1042 1060//1060 1091//1091
f 1094//1094 1093//1093 1092//1092
f 1095//1095 1094//1094 1092//1092
f 1096//1096 1095//1095 1092//1092
f 1097//1097 1096//1096 1092//1092
f 1098//1098 1097//1097 1092//1092
f 1099//1099 1098//1098 1092//1092
f 1100//1100 1099//1099 1092//1092
f 1101//1101 1100//1100 1092//1092
f 1102//1102 1101//1101 1092//1092
f 1093//1093 1102//1102 1092//1092
f 1083//1083 1082//1082 1093//1093
f 1084//1084 1083//1083 1094//1094
f 1085//1085 1084//1084 1095//1095
f 1086//1086 1085//1085 1096//1096
f 1087//1087 1086//1086 1097//1097
f 1088//1088 1087//1087 1098//1098
f 1089//1089 1088//1088 1099//1099
f 1090//1090 1089//1089 1100//1100
f 1091//1091 1090//1090 1101//1101
f 1082//1082 1091//1091 1102//1102
f 1125//1125 1104//1104 1103//1103
f 1108//1108 1106//1106 1105//1105
f 1120//1120 1108//1108 1107//1107
f 1104//1104 1110//1110 1109//1109
f 1124//1124 1110//1110 1104//1104
f 1123//1123 1124//1124 1112//1112
f 1116//1116 1113//1113 1127//1127
f 1122//1122 1121//1121 1115//1115
f 1111//1111 1112//1112 1117//1117
f 1118//1118 1117//1117 1120//1120
f 1106//1106 1108//1108 1120//1120
f 1105//1105 1106//1106 1121//1121
f 1109//1109 1110//1110 1124//1124
f 1131//1131 1129//1129 1125//1125
f 1127//1127 1128//1128 1129//1129
f 1115//1115 1114//1114 1113//1113
f 1116//1116 1132//1132 1115//1115
f 1127//1127 1129//1129 1131//1131
f 1147//1147 1146//1146 1152//1152
f 1146//1146 1145//1145 1135//1135
f 1145//1145 1144//1144 1136//1136
f 1144//1144 1143//1143 1153//1153
f 1143//1143 1142//1142 1154//1154
f 1142//1142 1141//1141 1134//1134
f 1133//1133 1134//1134 1141//1141
f 1140//1140 1139//1139 1150//1150
f 1149//1149 1150//1150 1139//1139
f 1138//1138 1137//1137 1148//1148
f 1169//1169 1173//1173 1174//1174
f 1168//1168 1174//1174 1157//1157
f 1167//1167 1157//1157 1158//1158
f 1166//1166 1158//1158 1175//1175
f 1165//1165 1175//1175 1176//1176
f 1164//1164 1176//1176 1156//1156
f 1155//1155 1162//1162 1163//1163
f 1162//1162 1155//1155 1172//1172
f 1171//1171 1160//1160 1161//1161
f 1160//1160 1171//1171 1170//1170
f 1621//1621 1552//1552 1553//1553
f 1183//1183 1179//1179 1177//1177
f 1178//1178 1180//1180 1181//1181
f 1190//1190 1189//1189 1183//1183
f 1188//1188 1187//1187 1185//1185
f 1182//1182 1181//1181 1187//1187
f 1186//1186 1185//1185 1189//1189
f 1350//1350 1219//1219 1228//1228
f 1753//1753 1754//1754 1193//1193
f 1422//1422 1326//1326 1194//1194
f 1216//1216 1217//1217 1226//1226
f 1752//1752 1753//1753 1195//1195
f 1209//1209 1422//1422 1196//1196
f 1217//1217 1218//1218 1227//1227
f 1750//1750 1751//1751 1197//1197
f 1200//1200 1192//1192 1198//1198
f 1214//1214 1215//1215 1224//1224
f 1749//1749 1750//1750 1199//1199
f 1202//1202 1192//1192 1200//1200
f 1424//1424 1216//1216 1225//1225
f 1748//1748 1749//1749 1201//1201
f 1426//1426 1192//1192 1202//1202
f 1213//1213 1214//1214 1223//1223
f 1746//1746 1747//1747 1203//1203
f 1427//1427 1426//1426 1204//1204
f 1564//1564 1537//1537 1565//1565
f 1220//1220 1194//1194 1210//1210
f 1755//1755 1754//1754 1229//1229
f 1219//1219 1220//1220 1229//1229
f 1746//1746 1205//1205 1402//1402
f 1427//1427 1206//1206 1212//1212
f 1212//1212 1206//1206 1214//1214
f 1206//1206 1204//1204 1215//1215
f 1425//1425 1202//1202 1216//1216
f 1202//1202 1200//1200 1217//1217
f 1200//1200 1198//1198 1218//1218
f 1209//1209 1196//1196 1219//1219
f 1196//1196 1194//1194 1220//1220
f 1191//1191 1229//1229 1220//1220
f 1388//1388 1338//1338 1267//1267
f 1632//1632 1327//1327 1232//1232
f 1413//1413 1275//1275 1270//1270
f 1541//1541 1540//1540 1236//1236
f 1644//1644 1645//1645 1526//1526
f 1542//1542 1541//1541 1236//1236
f 1280//1280 1238//1238 1239//1239
f 1279//1279 1233//1233 1238//1238
f 1400//1400 1244//1244 1242//1242
f 1348//1348 1230//1230 1245//1245
f 1401//1401 1526//1526 1529//1529
f 1404//1404 1232//1232 1240//1240
f 1393//1393 1268//1268 1262//1262
f 1347//1347 1245//1245 1243//1243
f 1346//1346 1243//1243 1249//1249
f 1405//1405 1240//1240 1241//1241
f 1398//1398 1247//1247 1251//1251
f 1345//1345 1249//1249 1252//1252
f 1406//1406 1241//1241 1246//1246
f 1281//1281 1239//1239 1253//1253
f 1399//1399 1242//1242 1247//1247
f 1283//1283 1248//1248 1254//1254
f 1397//1397 1251//1251 1256//1256
f 1344//1344 1252//1252 1257//1257
f 1407//1407 1246//1246 1250//1250
f 1282//1282 1253//1253 1248//1248
f 1284//1284 1254//1254 1258//1258
f 1396//1396 1256//1256 1260//1260
f 1343//1343 1257//1257 1261//1261
f 1408//1408 1250//1250 1255//1255
f 1340//1340 1269//1269 1263//1263
f 1341//1341 1277//1277 1269//1269
f 1410//1410 1259//1259 1273//1273
f 1285//1285 1258//1258 1272//1272
f 1288//1288 1271//1271 1266//1266
f 1411//1411 1273//1273 1265//1265
f 1395//1395 1260//1260 1276//1276
f 1392//1392 1262//1262 1274//1274
f 1339//1339 1263//1263 1267//1267
f 1286//1286 1272//1272 1264//1264
f 1342//1342 1261//1261 1277//1277
f 1412//1412 1265//1265 1275//1275
f 1287//1287 1264//1264 1271//1271
f 1394//1394 1276//1276 1268//1268
f 1409//1409 1255//1255 1259//1259
f 1635//1635 1233//1233 1279//1279
f 1304//1304 1303//1303 1279//1279
f 1305//1305 1304//1304 1280//1280
f 1306//1306 1305//1305 1281//1281
f 1307//1307 1306//1306 1282//1282
f 1308//1308 1307//1307 1283//1283
f 1309//1309 1308//1308 1284//1284
f 1310//1310 1309//1309 1285//1285
f 1311//1311 1310//1310 1286//1286
f 1312//1312 1311//1311 1287//1287
f 1313//1313 1312//1312 1288//1288
f 1391//1391 1274//1274 1290//1290
f 1274//1274 1262//1262 1291//1291
f 1262//1262 1268//1268 1292//1292
f 1268//1268 1276//1276 1293//1293
f 1276//1276 1260//1260 1294//1294
f 1260//1260 1256//1256 1295//1295
f 1256//1256 1251//1251 1296//1296
f 1251//1251 1247//1247 1297//1297
f 1247//1247 1242//1242 1298//1298
f 1242//1242 1244//1244 1299//1299
f 1244//1244 1231//1231 1300//1300
f 1537//1537 1402//1402 1205//1205
f 1634//1634 1279//1279 1303//1303
f 1328//1328 1327//1327 1303//1303
f 1329//1329 1328//1328 1304//1304
f 1330//1330 1329//1329 1305//1305
f 1331//1331 1330//1330 1306//1306
f 1332//1332 1331//1331 1307//1307
f 1333//1333 1332//1332 1308//1308
f 1334//1334 1333//1333 1309//1309
f 1335//1335 1334//1334 1310//1310
f 1336//1336 1335//1335 1311//1311
f 1337//1337 1336//1336 1312//1312
f 1390//1390 1290//1290 1314//1314
f 1290//1290 1291//1291 1315//1315
f 1291//1291 1292//1292 1316//1316
f 1292//1292 1293//1293 1317//1317
f 1293//1293 1294//1294 1318//1318
f 1294//1294 1295//1295 1319//1319
f 1295//1295 1296//1296 1320//1320
f 1296//1296 1297//1297 1321//1321
f 1297//1297 1298//1298 1322//1322
f 1298//1298 1299//1299 1323//1323
f 1299//1299 1300//1300 1324//1324
f 1538//1538 1205//1205 1203//1203
f 1633//1633 1303//1303 1327//1327
f 1240//1240 1232//1232 1327//1327
f 1241//1241 1240//1240 1328//1328
f 1246//1246 1241//1241 1329//1329
f 1250//1250 1246//1246 1330//1330
f 1255//1255 1250//1250 1331//1331
f 1259//1259 1255//1255 1332//1332
f 1273//1273 1259//1259 1333//1333
f 1265//1265 1273//1273 1334//1334
f 1275//1275 1265//1265 1335//1335
f 1270//1270 1275//1275 1336//1336
f 1389//1389 1314//1314 1338//1338
f 1314//1314 1315//1315 1339//1339
f 1315//1315 1316//1316 1340//1340
f 1316//1316 1317//1317 1341//1341
f 1317//1317 1318//1318 1342//1342
f 1318//1318 1319//1319 1343//1343
f 1319//1319 1320//1320 1344//1344
f 1320//1320 1321//1321 1345//1345
f 1321//1321 1322//1322 1346//1346
f 1322//1322 1323//1323 1347//1347
f 1323//1323 1324//1324 1348//1348
f 1539//1539 1203//1203 1236//1236
f 1630//1630 1404//1404 1351//1351
f 1378//1378 1377//1377 1351//1351
f 1379//1379 1378//1378 1352//1352
f 1380//1380 1379//1379 1353//1353
f 1381//1381 1380//1380 1354//1354
f 1382//1382 1381//1381 1355//1355
f 1383//1383 1382//1382 1356//1356
f 1384//1384 1383//1383 1357//1357
f 1385//1385 1384//1384 1358//1358
f 1386//1386 1385//1385 1359//1359
f 1387//1387 1386//1386 1360//1360
f 1185//1185 1189//1189 1362//1362
f 1189//1189 1516//1516 1365//1365
f 1187//1187 1185//1185 1363//1363
f 1512//1512 1187//1187 1364//1364
f 1516//1516 1498//1498 1367//1367
f 1494//1494 1512//1512 1366//1366
f 1498//1498 1480//1480 1369//1369
f 1476//1476 1494//1494 1368//1368
f 1480//1480 1462//1462 1371//1371
f 1458//1458 1476//1476 1370//1370
f 1462//1462 1444//1444 1373//1373
f 1440//1440 1458//1458 1372//1372
f 1444//1444 1400//1400 1611//1611
f 1187//1187 1403//1403 1375//1375
f 1556//1556 1533//1533 1207//1207
f 1629//1629 1351//1351 1377//1377
f 1245//1245 1230//1230 1377//1377
f 1243//1243 1245//1245 1378//1378
f 1249//1249 1243//1243 1379//1379
f 1252//1252 1249//1249 1380//1380
f 1257//1257 1252//1252 1381//1381
f 1261//1261 1257//1257 1382//1382
f 1277//1277 1261//1261 1383//1383
f 1269//1269 1277//1277 1384//1384
f 1263//1263 1269//1269 1385//1385
f 1267//1267 1263//1263 1386//1386
f 1302//1302 1440//1440 1374//1374
f 1400//1400 1399//1399 1610//1610
f 1399//1399 1398//1398 1609//1609
f 1398//1398 1397//1397 1608//1608
f 1397//1397 1396//1396 1607//1607
f 1396//1396 1395//1395 1606//1606
f 1395//1395 1394//1394 1605//1605
f 1394//1394 1393//1393 1604//1604
f 1393//1393 1392//1392 1603//1603
f 1392//1392 1391//1391 1602//1602
f 1391//1391 1390//1390 1601//1601
f 1390//1390 1389//1389 1600//1600
f 1389//1389 1388//1388 1599//1599
f 1185//1185 1375//1375 1401//1401
f 1557//1557 1207//1207 1535//1535
f 1631//1631 1232//1232 1404//1404
f 1352//1352 1351//1351 1404//1404
f 1353//1353 1352//1352 1405//1405
f 1354//1354 1353//1353 1406//1406
f 1355//1355 1354//1354 1407//1407
f 1356//1356 1355//1355 1408//1408
f 1357//1357 1356//1356 1409//1409
f 1358//1358 1357//1357 1410//1410
f 1359//1359 1358//1358 1411//1411
f 1360//1360 1359//1359 1412//1412
f 1361//1361 1360//1360 1413//1413
f 1270//1270 1337//1337 1415//1415
f 1337//1337 1313//1313 1416//1416
f 1313//1313 1289//1289 1417//1417
f 1289//1289 1266//1266 1418//1418
f 1266//1266 1271//1271 1419//1419
f 1271//1271 1264//1264 1420//1420
f 1264//1264 1272//1272 1421//1421
f 1272//1272 1258//1258 1325//1325
f 1258//1258 1254//1254 1301//1301
f 1254//1254 1248//1248 1237//1237
f 1248//1248 1253//1253 1235//1235
f 1253//1253 1239//1239 1278//1278
f 1239//1239 1238//1238 1302//1302
f 1528//1528 1527//1527 1403//1403
f 1556//1556 1555//1555 1533//1533
f 1747//1747 1224//1224 1423//1423
f 1224//1224 1215//1215 1424//1424
f 1215//1215 1204//1204 1425//1425
f 1425//1425 1204//1204 1426//1426
f 1427//1427 1192//1192 1426//1426
f 1563//1563 1564//1564 1208//1208
f 1751//1751 1227//1227 1211//1211
f 1227//1227 1218//1218 1350//1350
f 1218//1218 1198//1198 1209//1209
f 1198//1198 1192//1192 1422//1422
f 1422//1422 1192//1192 1326//1326
f 1210//1210 1194//1194 1326//1326
f 1562//1562 1563//1563 1430//1430
f 1210//1210 1349//1349 1441//1441
f 1221//1221 1210//1210 1431//1431
f 1191//1191 1221//1221 1434//1434
f 1755//1755 1191//1191 1429//1429
f 1745//1745 1402//1402 1445//1445
f 1213//1213 1222//1222 1435//1435
f 1212//1212 1213//1213 1433//1433
f 1428//1428 1212//1212 1432//1432
f 1561//1561 1562//1562 1590//1590
f 1651//1651 1231//1231 1436//1436
f 1231//1231 1244//1244 1439//1439
f 1244//1244 1400//1400 1444//1444
f 1388//1388 1387//1387 1598//1598
f 1387//1387 1361//1361 1597//1597
f 1238//1238 1233//1233 1437//1437
f 1302//1302 1238//1238 1438//1438
f 1549//1549 1376//1376 1443//1443
f 1560//1560 1561//1561 1589//1589
f 1431//1431 1441//1441 1459//1459
f 1434//1434 1431//1431 1449//1449
f 1429//1429 1434//1434 1452//1452
f 1756//1756 1429//1429 1447//1447
f 1744//1744 1445//1445 1463//1463
f 1433//1433 1435//1435 1453//1453
f 1432//1432 1433//1433 1451//1451
f 1446//1446 1432//1432 1450//1450
f 1559//1559 1560//1560 1588//1588
f 1650//1650 1436//1436 1454//1454
f 1436//1436 1439//1439 1457//1457
f 1439//1439 1444//1444 1462//1462
f 1278//1278 1302//1302 1595//1595
f 1235//1235 1278//1278 1593//1593
f 1438//1438 1437//1437 1455//1455
f 1440//1440 1438//1438 1456//1456
f 1550//1550 1443//1443 1461//1461
f 1459//1459 1448//1448 1466//1466
f 1449//1449 1459//1459 1477//1477
f 1452//1452 1449//1449 1467//1467
f 1447//1447 1452//1452 1470//1470
f 1757//1757 1447//1447 1465//1465
f 1743//1743 1463//1463 1481//1481
f 1451//1451 1453//1453 1471//1471
f 1450//1450 1451//1451 1469//1469
f 1464//1464 1450//1450 1468//1468
f 1448//1448 1464//1464 1482//1482
f 1649//1649 1454//1454 1472//1472
f 1454//1454 1457//1457 1475//1475
f 1457//1457 1462//1462 1480//1480
f 1237//1237 1235//1235 1591//1591
f 1301//1301 1237//1237 1592//1592
f 1456//1456 1455//1455 1473//1473
f 1458//1458 1456//1456 1474//1474
f 1551//1551 1461//1461 1479//1479
f 1477//1477 1466//1466 1484//1484
f 1467//1467 1477//1477 1495//1495
f 1470//1470 1467//1467 1485//1485
f 1465//1465 1470//1470 1488//1488
f 1758//1758 1465//1465 1483//1483
f 1742//1742 1481//1481 1499//1499
f 1469//1469 1471//1471 1489//1489
f 1468//1468 1469//1469 1487//1487
f 1482//1482 1468//1468 1486//1486
f 1466//1466 1482//1482 1500//1500
f 1648//1648 1472//1472 1490//1490
f 1472//1472 1475//1475 1493//1493
f 1475//1475 1480//1480 1498//1498
f 1325//1325 1301//1301 1594//1594
f 1421//1421 1325//1325 1596//1596
f 1474//1474 1473//1473 1491//1491
f 1476//1476 1474//1474 1492//1492
f 1552//1552 1479//1479 1497//1497
f 1495//1495 1484//1484 1502//1502
f 1485//1485 1495//1495 1513//1513
f 1488//1488 1485//1485 1503//1503
f 1483//1483 1488//1488 1506//1506
f 1759//1759 1483//1483 1501//1501
f 1741//1741 1499//1499 1517//1517
f 1487//1487 1489//1489 1507//1507
f 1486//1486 1487//1487 1505//1505
f 1500//1500 1486//1486 1504//1504
f 1484//1484 1500//1500 1518//1518
f 1647//1647 1490//1490 1508//1508
f 1490//1490 1493//1493 1511//1511
f 1493//1493 1498//1498 1516//1516
f 1420//1420 1421//1421 1442//1442
f 1419//1419 1420//1420 1460//1460
f 1492//1492 1491//1491 1509//1509
f 1494//1494 1492//1492 1510//1510
f 1553//1553 1497//1497 1515//1515
f 1513//1513 1502//1502 1520//1520
f 1503//1503 1513//1513 1531//1531
f 1506//1506 1503//1503 1521//1521
f 1501//1501 1506//1506 1524//1524
f 1760//1760 1501//1501 1519//1519
f 1740//1740 1517//1517 1535//1535
f 1505//1505 1507//1507 1525//1525
f 1504//1504 1505//1505 1523//1523
f 1518//1518 1504//1504 1522//1522
f 1502//1502 1518//1518 1536//1536
f 1646//1646 1508//1508 1526//1526
f 1508//1508 1511//1511 1529//1529
f 1511//1511 1516//1516 1189//1189
f 1418//1418 1419//1419 1478//1478
f 1417//1417 1418//1418 1496//1496
f 1510//1510 1509//1509 1527//1527
f 1512//1512 1510//1510 1528//1528
f 1554//1554 1515//1515 1533//1533
f 1566//1566 1565//1565 1537//1537
f 1567//1567 1566//1566 1538//1538
f 1568//1568 1567//1567 1539//1539
f 1569//1569 1568//1568 1540//1540
f 1570//1570 1569//1569 1541//1541
f 1201//1201 1199//1199 1543//1543
f 1199//1199 1197//1197 1544//1544
f 1197//1197 1234//1234 1545//1545
f 1545//1545 1234//1234 1546//1546
f 1234//1234 1195//1195 1547//1547
f 1195//1195 1193//1193 1548//1548
f 1193//1193 1376//1376 1549//1549
f 1578//1578 1577//1577 1549//1549
f 1619//1619 1554//1554 1555//1555
f 1618//1618 1555//1555 1583//1583
f 1582//1582 1616//1616 1617//1617
f 1620//1620 1553//1553 1554//1554
f 1581//1581 1615//1615 1616//1616
f 1584//1584 1583//1583 1555//1555
f 1585//1585 1584//1584 1556//1556
f 1586//1586 1585//1585 1557//1557
f 1558//1558 1535//1535 1559//1559
f 1535//1535 1517//1517 1560//1560
f 1517//1517 1499//1499 1561//1561
f 1499//1499 1481//1481 1562//1562
f 1481//1481 1463//1463 1563//1563
f 1463//1463 1445//1445 1564//1564
f 1445//1445 1402//1402 1537//1537
f 1624//1624 1651//1651 1565//1565
f 1625//1625 1624//1624 1566//1566
f 1626//1626 1625//1625 1567//1567
f 1627//1627 1626//1626 1568//1568
f 1628//1628 1627//1627 1569//1569
f 1542//1542 1543//1543 1571//1571
f 1543//1543 1544//1544 1572//1572
f 1544//1544 1545//1545 1573//1573
f 1545//1545 1546//1546 1574//1574
f 1546//1546 1547//1547 1575//1575
f 1547//1547 1548//1548 1576//1576
f 1548//1548 1549//1549 1577//1577
f 1636//1636 1635//1635 1577//1577
f 1637//1637 1636//1636 1578//1578
f 1638//1638 1637//1637 1579//1579
f 1300//1300 1231//1231 1651//1651
f 1640//1640 1639//1639 1581//1581
f 1641//1641 1640//1640 1582//1582
f 1642//1642 1641//1641 1583//1583
f 1643//1643 1642//1642 1584//1584
f 1644//1644 1643//1643 1585//1585
f 1558//1558 1559//1559 1587//1587
f 1414//1414 1415//1415 1534//1534
f 1361//1361 1414//1414 1530//1530
f 1415//1415 1416//1416 1532//1532
f 1416//1416 1417//1417 1514//1514
f 1550//1550 1623//1623 1612//1612
f 1578//1578 1612//1612 1613//1613
f 1623//1623 1550//1550 1551//1551
f 1579//1579 1613//1613 1614//1614
f 1622//1622 1551//1551 1552//1552
f 1208//1208 1565//1565 1651//1651
f 1324//1324 1300//1300 1624//1624
f 1348//1348 1324//1324 1625//1625
f 1230//1230 1348//1348 1626//1626
f 1377//1377 1230//1230 1627//1627
f 1570//1570 1571//1571 1629//1629
f 1571//1571 1572//1572 1630//1630
f 1572//1572 1573//1573 1631//1631
f 1573//1573 1574//1574 1632//1632
f 1574//1574 1575//1575 1633//1633
f 1575//1575 1576//1576 1634//1634
f 1576//1576 1577//1577 1635//1635
f 1437//1437 1233//1233 1635//1635
f 1437//1437 1636//1636 1637//1637
f 1455//1455 1637//1637 1638//1638
f 1473//1473 1638//1638 1639//1639
f 1491//1491 1639//1639 1640//1640
f 1509//1509 1640//1640 1641//1641
f 1527//1527 1641//1641 1642//1642
f 1403//1403 1642//1642 1643//1643
f 1375//1375 1643//1643 1644//1644
f 1587//1587 1645//1645 1644//1644
f 1588//1588 1646//1646 1645//1645
f 1589//1589 1647//1647 1646//1646
f 1590//1590 1648//1648 1647//1647
f 1590//1590 1430//1430 1649//1649
f 1430//1430 1208//1208 1650//1650
f 1691//1691 1690//1690 1657//1657
f 1667//1667 1653//1653 1652//1652
f 1666//1666 1681//1681 1653//1653
f 1665//1665 1680//1680 1681//1681
f 1664//1664 1679//1679 1680//1680
f 1663//1663 1678//1678 1679//1679
f 1689//1689 1688//1688 1659//1659
f 1688//1688 1687//1687 1674//1674
f 1673//1673 1674//1674 1687//1687
f 1690//1690 1689//1689 1658//1658
f 1672//1672 1673//1673 1686//1686
f 1675//1675 1660//1660 1659//1659
f 1676//1676 1661//1661 1660//1660
f 1677//1677 1662//1662 1661//1661
f 1695//1695 1670//1670 1669//1669
f 1696//1696 1671//1671 1670//1670
f 1698//1698 1673//1673 1672//1672
f 1699//1699 1674//1674 1673//1673
f 1700//1700 1675//1675 1674//1674
f 1701//1701 1676//1676 1675//1675
f 1702//1702 1677//1677 1676//1676
f 1662//1662 1677//1677 1678//1678
f 1654//1654 1669//1669 1682//1682
f 1669//1669 1670//1670 1683//1683
f 1693//1693 1692//1692 1655//1655
f 1670//1670 1671//1671 1684//1684
f 1692//1692 1691//1691 1656//1656
f 1678//1678 1677//1677 1702//1702
f 1679//1679 1678//1678 1703//1703
f 1680//1680 1679//1679 1704//1704
f 1681//1681 1680//1680 1705//1705
f 1681//1681 1706//1706 1707//1707
f 1653//1653 1707//1707 1708//1708
f 1709//1709 1710//1710 1712//1712
f 1557//1557 1558//1558 1662//1662
f 1552//1552 1553//1553 1657//1657
f 1620//1620 1690//1690 1691//1691
f 1564//1564 1668//1668 1652//1652
f 1563//1563 1564//1564 1668//1668
f 1615//1615 1685//1685 1686//1686
f 1581//1581 1672//1672 1685//1685
f 1553//1553 1554//1554 1658//1658
f 1619//1619 1689//1689 1690//1690
f 1556//1556 1557//1557 1661//1661
f 1659//1659 1556//1556 1660//1660
f 1644//1644 1643//1643 1701//1701
f 1638//1638 1637//1637 1695//1695
f 1580//1580 1671//1671 1696//1696
f 1636//1636 1694//1694 1669//1669
f 1637//1637 1636//1636 1694//1694
f 1561//1561 1562//1562 1666//1666
f 1560//1560 1561//1561 1665//1665
f 1643//1643 1642//1642 1700//1700
f 1642//1642 1641//1641 1699//1699
f 1641//1641 1640//1640 1698//1698
f 1639//1639 1697//1697 1672//1672
f 1640//1640 1639//1639 1697//1697
f 1554//1554 1555//1555 1659//1659
f 1618//1618 1688//1688 1689//1689
f 1562//1562 1563//1563 1667//1667
f 1617//1617 1687//1687 1688//1688
f 1616//1616 1686//1686 1687//1687
f 1559//1559 1560//1560 1664//1664
f 1558//1558 1559//1559 1663//1663
f 1623//1623 1693//1693 1682//1682
f 1578//1578 1669//1669 1654//1654
f 1612//1612 1682//1682 1683//1683
f 1550//1550 1551//1551 1655//1655
f 1622//1622 1692//1692 1693//1693
f 1613//1613 1683//1683 1684//1684
f 1614//1614 1684//1684 1671//1671
f 1551//1551 1552//1552 1656//1656
f 1621//1621 1691//1691 1692//1692
f 1645//1645 1644//1644 1702//1702
f 1646//1646 1645//1645 1703//1703
f 1647//1647 1646//1646 1704//1704
f 1648//1648 1647//1647 1705//1705
f 1649//1649 1648//1648 1706//1706
f 1627//1627 1230//1230 1717//1717
f 1638//1638 1711//1711 1712//1712
f 1473//1473 1709//1709 1711//1711
f 1491//1491 1473//1473 1709//1709
f 1639//1639 1712//1712 1710//1710
f 1668//1668 1652//1652 1731//1731
f 1729//1729 1730//1730 1719//1719
f 1726//1726 1727//1727 1716//1716
f 1727//1727 1728//1728 1715//1715
f 1728//1728 1729//1729 1719//1719
f 1713//1713 1708//1708 1724//1724
f 1732//1732 1727//1727 1726//1726
f 1733//1733 1728//1728 1727//1727
f 1734//1734 1729//1729 1728//1728
f 1735//1735 1730//1730 1729//1729
f 1725//1725 1668//1668 1726//1726
f 1736//1736 1732//1732 1731//1731
f 1737//1737 1733//1733 1732//1732
f 1738//1738 1734//1734 1733//1733
f 1714//1714 1735//1735 1734//1734
f 1720//1720 1736//1736 1713//1713
f 1652//1652 1708//1708 1713//1713
f 1721//1721 1737//1737 1736//1736
f 1722//1722 1738//1738 1737//1737
f 1717//1717 1714//1714 1738//1738
f 1208//1208 1652//1652 1668//1668
f 1236//1236 1541//1541 1730//1730
f 1402//1402 1205//1205 1716//1716
f 1205//1205 1203//1203 1715//1715
f 1203//1203 1236//1236 1719//1719
f 1300//1300 1231//1231 1718//1718
f 1231//1231 1436//1436 1724//1724
f 1436//1436 1650//1650 1708//1708
f 1541//1541 1569//1569 1735//1735
f 1445//1445 1402//1402 1723//1723
f 1564//1564 1445//1445 1725//1725
f 1569//1569 1627//1627 1714//1714
f 1650//1650 1708//1708 1652//1652
f 1324//1324 1300//1300 1720//1720
f 1348//1348 1324//1324 1721//1721
f 1230//1230 1348//1348 1722//1722
f 1525//1525 1507//1507 1740//1740
f 1507//1507 1489//1489 1741//1741
f 1489//1489 1471//1471 1742//1742
f 1471//1471 1453//1453 1743//1743
f 1453//1453 1435//1435 1744//1744
f 1435//1435 1222//1222 1745//1745
f 1222//1222 1223//1223 1746//1746
f 1223//1223 1224//1224 1747//1747
f 1236//1236 1203//1203 1747//1747
f 1423//1423 1225//1225 1749//1749
f 1225//1225 1226//1226 1750//1750
f 1226//1226 1227//1227 1751//1751
f 1234//1234 1197//1197 1751//1751
f 1211//1211 1228//1228 1753//1753
f 1228//1228 1229//1229 1754//1754
f 1376//1376 1193//1193 1754//1754
f 1443//1443 1376//1376 1755//1755
f 1461//1461 1443//1443 1756//1756
f 1479//1479 1461//1461 1757//1757
f 1497//1497 1479//1479 1758//1758
f 1515//1515 1497//1497 1759//1759
f 1533//1533 1515//1515 1760//1760
f 831//831 832//832 829//829
f 807//807 808//808 799//799
f 803//803 804//804 801//801
f 818//818 817//817 803//803
f 800//800 808//808 798//798
f 801//801 819//819 803//803
f 806//806 797//797 805//805
f 807//807 799//799 806//806
f 807//807 811//811 808//808
f 808//808 812//812 805//805
f 810//810 806//806 809//809
f 811//811 807//807 810//810
f 811//811 815//815 812//812
f 812//812 816//816 809//809
f 814//814 810//810 813//813
f 815//815 811//811 814//814
f 815//815 819//819 816//816
f 816//816 820//820 813//813
f 818//818 814//814 817//817
f 819//819 815//815 818//818
f 819//819 801//801 820//820
f 820//820 802//802 817//817
f 822//822 798//798 821//821
f 824//824 800//800 822//822
f 823//823 799//799 824//824
f 821//821 797//797 823//823
f 826//826 822//822 825//825
f 828//828 824//824 826//826
f 827//827 823//823 828//828
f 825//825 821//821 827//827
f 830//830 826//826 829//829
f 832//832 828//828 830//830
f 831//831 827//827 832//832
f 829//829 825//825 831//831
f 917//917 918//918 833//833
f 850//850 851//851 835//835
f 895//895 912//912 837//837
f 845//845 848//848 839//839
f 918//918 919//919 834//834
f 913//913 914//914 839//839
f 915//915 916//916 841//841
f 842//842 846//846 843//843
f 924//924 925//925 872//872
f 841//841 849//849 844//844
f 914//914 915//915 845//845
f 846//846 837//837 847//847
f 929//929 930//930 848//848
f 845//845 841//841 848//848
f 916//916 917//917 849//849
f 850//850 842//842 851//851
f 923//923 924//924 876//876
f 849//849 833//833 852//852
f 856//856 848//848 854//854
f 928//928 929//929 856//856
f 853//853 843//843 855//855
f 854//854 844//844 858//858
f 857//857 851//851 853//853
f 902//902 901//901 857//857
f 862//862 856//856 860//860
f 927//927 928//928 862//862
f 859//859 853//853 861//861
f 860//860 854//854 864//864
f 863//863 857//857 859//859
f 903//903 902//902 863//863
f 868//868 862//862 866//866
f 926//926 927//927 868//868
f 865//865 859//859 867//867
f 866//866 860//860 870//870
f 869//869 863//863 865//865
f 904//904 903//903 869//869
f 874//874 868//868 872//872
f 925//925 926//926 874//874
f 871//871 865//865 873//873
f 872//872 866//866 876//876
f 875//875 869//869 871//871
f 905//905 904//904 875//875
f 878//878 932//932 877//877
f 878//878 885//885 879//879
f 880//880 948//948 879//879
f 881//881 947//947 880//880
f 887//887 894//894 888//888
f 886//886 877//877 887//887
f 956//956 923//923 957//957
f 885//885 913//913 949//949
f 885//885 878//878 886//886
f 888//888 893//893 882//882
f 959//959 920//920 884//884
f 958//958 921//921 959//959
f 889//889 959//959 890//890
f 891//891 937//937 890//890
f 892//892 936//936 891//891
f 893//893 935//935 892//892
f 894//894 934//934 893//893
f 877//877 933//933 894//894
f 895//895 837//837 896//896
f 896//896 846//846 897//897
f 897//897 842//842 898//898
f 898//898 850//850 899//899
f 899//899 835//835 900//900
f 900//900 836//836 901//901
f 902//902 939//939 901//901
f 903//903 940//940 902//902
f 904//904 941//941 903//903
f 905//905 942//942 904//904
f 905//905 875//875 906//906
f 906//906 871//871 907//907
f 907//907 873//873 908//908
f 908//908 867//867 909//909
f 909//909 861//861 910//910
f 910//910 855//855 911//911
f 911//911 847//847 912//912
f 895//895 932//932 912//912
f 913//913 885//885 914//914
f 914//914 886//886 915//915
f 915//915 887//887 916//916
f 916//916 888//888 917//917
f 917//917 882//882 918//918
f 918//918 883//883 919//919
f 920//920 858//858 919//919
f 921//921 864//864 920//920
f 922//922 870//870 921//921
f 923//923 876//876 922//922
f 923//923 956//956 924//924
f 924//924 955//955 925//925
f 925//925 954//954 926//926
f 926//926 953//953 927//927
f 927//927 952//952 928//928
f 928//928 951//951 929//929
f 929//929 950//950 930//930
f 913//913 839//839 930//930
f 932//932 878//878 931//931
f 932//932 895//895 933//933
f 933//933 896//896 934//934
f 934//934 897//897 935//935
f 935//935 898//898 936//936
f 936//936 899//899 937//937
f 937//937 900//900 938//938
f 939//939 889//889 938//938
f 957//957 922//922 958//958
f 883//883 891//891 884//884
f 882//882 892//892 883//883
f 942//942 905//905 943//943
f 943//943 906//906 944//944
f 944//944 907//907 945//945
f 945//945 908//908 946//946
f 946//946 909//909 947//947
f 947//947 910//910 948//948
f 948//948 911//911 931//931
f 950//950 880//880 949//949
f 951//951 881//881 950//950
f 959//959 889//889 951//951
f 889//889 939//939 881//881
f 958//958 959//959 952//952
f 957//957 958//958 953//953
f 956//956 957//957 954//954
f 941//941 942//942 945//945
f 945//945 946//946 941//941
f 939//939 940//940 947//947
f 1036//1036 1004//1004 1037//1037
f 962//962 983//983 970//970
f 1035//1035 1003//1003 1036//1036
f 970//970 972//972 962//962
f 1004//1004 964//964 1005//1005
f 1034//1034 1002//1002 1035//1035
f 1037//1037 1005//1005 1038//1038
f 966//966 981//981 962//962
f 1033//1033 1001//1001 1034//1034
f 962//962 964//964 966//966
f 1003//1003 968//968 1004//1004
f 1032//1032 1000//1000 1033//1033
f 1038//1038 1006//1006 1039//1039
f 974//974 979//979 966//966
f 1031//1031 999//999 1032//1032
f 966//966 968//968 974//974
f 1002//1002 976//976 1003//1003
f 1030//1030 998//998 1031//1031
f 1039//1039 1007//1007 961//961
f 970//970 985//985 982//982
f 1029//1029 997//997 1030//1030
f 982//982 984//984 970//970
f 1005//1005 972//972 1006//1006
f 1028//1028 996//996 1029//1029
f 961//961 1008//1008 1025//1025
f 978//978 977//977 974//974
f 1027//1027 995//995 1028//1028
f 974//974 976//976 978//978
f 1001//1001 980//980 1002//1002
f 1026//1026 994//994 1027//1027
f 1025//1025 993//993 1026//1026
f 986//986 975//975 978//978
f 993//993 1011//1011 994//994
f 1010//1010 1009//1009 1012//1012
f 1012//1012 960//960 1010//1010
f 994//994 1009//1009 995//995
f 1014//1014 1013//1013 1010//1010
f 1010//1010 963//963 1014//1014
f 995//995 1013//1013 996//996
f 1016//1016 1015//1015 1014//1014
f 1014//1014 965//965 1016//1016
f 1008//1008 1017//1017 993//993
f 1012//1012 1011//1011 1018//1018
f 1018//1018 991//991 1012//1012
f 996//996 1015//1015 997//997
f 1020//1020 1019//1019 1016//1016
f 1016//1016 967//967 1020//1020
f 997//997 1019//1019 998//998
f 1022//1022 1021//1021 1020//1020
f 1020//1020 969//969 1022//1022
f 1007//1007 1023//1023 1008//1008
f 1018//1018 1017//1017 1024//1024
f 1024//1024 989//989 1018//1018
f 998//998 1021//1021 999//999
f 990//990 992//992 1022//1022
f 1022//1022 971//971 990//990
f 999//999 992//992 1000//1000
f 986//986 988//988 990//990
f 990//990 973//973 986//986
f 1006//1006 984//984 1007//1007
f 1024//1024 1023//1023 982//982
f 982//982 987//987 1024//1024
f 1000//1000 988//988 1001//1001
f 978//978 980//980 986//986
f 1044//1044 1045//1045 1042//1042
f 1046//1046 1047//1047 1044//1044
f 1048//1048 1049//1049 1046//1046
f 1050//1050 1051//1051 1048//1048
f 1052//1052 1053//1053 1050//1050
f 1054//1054 1055//1055 1052//1052
f 1056//1056 1057//1057 1054//1054
f 1058//1058 1059//1059 1056//1056
f 1060//1060 1061//1061 1058//1058
f 1042//1042 1043//1043 1060//1060
f 1062//1062 1073//1073 1063//1063
f 1073//1073 1043//1043 1072//1072
f 1063//1063 1072//1072 1064//1064
f 1072//1072 1045//1045 1074//1074
f 1064//1064 1074//1074 1065//1065
f 1074//1074 1047//1047 1075//1075
f 1065//1065 1075//1075 1066//1066
f 1075//1075 1049//1049 1076//1076
f 1066//1066 1076//1076 1067//1067
f 1076//1076 1051//1051 1077//1077
f 1067//1067 1077//1077 1068//1068
f 1077//1077 1053//1053 1078//1078
f 1068//1068 1078//1078 1069//1069
f 1078//1078 1055//1055 1079//1079
f 1069//1069 1079//1079 1070//1070
f 1079//1079 1057//1057 1080//1080
f 1070//1070 1080//1080 1071//1071
f 1080//1080 1059//1059 1081//1081
f 1071//1071 1081//1081 1062//1062
f 1081//1081 1061//1061 1073//1073
f 1083//1083 1044//1044 1082//1082
f 1084//1084 1046//1046 1083//1083
f 1085//1085 1048//1048 1084//1084
f 1086//1086 1050//1050 1085//1085
f 1087//1087 1052//1052 1086//1086
f 1088//1088 1054//1054 1087//1087
f 1089//1089 1056//1056 1088//1088
f 1090//1090 1058//1058 1089//1089
f 1091//1091 1060//1060 1090//1090
f 1082//1082 1042//1042 1091//1091
f 1094//1094 1083//1083 1093//1093
f 1095//1095 1084//1084 1094//1094
f 1096//1096 1085//1085 1095//1095
f 1097//1097 1086//1086 1096//1096
f 1098//1098 1087//1087 1097//1097
f 1099//1099 1088//1088 1098//1098
f 1100//1100 1089//1089 1099//1099
f 1101//1101 1090//1090 1100//1100
f 1102//1102 1091//1091 1101//1101
f 1093//1093 1082//1082 1102//1102
f 1126//1126 1125//1125 1103//1103
f 1107//1107 1108//1108 1105//1105
f 1119//1119 1120//1120 1107//1107
f 1103//1103 1104//1104 1109//1109
f 1125//1125 1124//1124 1104//1104
f 1111//1111 1123//1123 1112//1112
f 1130//1130 1116//1116 1127//1127
f 1132//1132 1122//1122 1115//1115
f 1118//1118 1111//1111 1117//1117
f 1119//1119 1118//1118 1120//1120
f 1121//1121 1106//1106 1120//1120
f 1122//1122 1105//1105 1121//1121
f 1123//1123 1109//1109 1124//1124
f 1126//1126 1131//1131 1125//1125
f 1113//1113 1116//1116 1115//1115
f 1130//1130 1127//1127 1131//1131
f 1151//1151 1147//1147 1152//1152
f 1152//1152 1146//1146 1135//1135
f 1135//1135 1145//1145 1136//1136
f 1136//1136 1144//1144 1153//1153
f 1153//1153 1143//1143 1154//1154
f 1154//1154 1142//1142 1134//1134
f 1140//1140 1133//1133 1141//1141
f 1133//1133 1140//1140 1150//1150
f 1138//1138 1149//1149 1139//1139
f 1149//1149 1138//1138 1148//1148
f 1168//1168 1169//1169 1174//1174
f 1167//1167 1168//1168 1157//1157
f 1166//1166 1167//1167 1158//1158
f 1165//1165 1166//1166 1175//1175
f 1164//1164 1165//1165 1176//1176
f 1163//1163 1164//1164 1156//1156
f 1156//1156 1155//1155 1163//1163
f 1161//1161 1162//1162 1172//1172
f 1172//1172 1171//1171 1161//1161
f 1159//1159 1160//1160 1170//1170
f 1620//1620 1621//1621 1553//1553
f 1184//1184 1183//1183 1177//1177
f 1182//1182 1178//1178 1181//1181
f 1184//1184 1190//1190 1183//1183
f 1186//1186 1188//1188 1185//1185
f 1188//1188 1182//1182 1187//1187
f 1190//1190 1186//1186 1189//1189
f 1211//1211 1350//1350 1228//1228
f 1195//1195 1753//1753 1193//1193
f 1196//1196 1422//1422 1194//1194
f 1225//1225 1216//1216 1226//1226
f 1234//1234 1752//1752 1195//1195
f 1226//1226 1217//1217 1227//1227
f 1199//1199 1750//1750 1197//1197
f 1223//1223 1214//1214 1224//1224
f 1201//1201 1749//1749 1199//1199
f 1423//1423 1424//1424 1225//1225
f 1236//1236 1748//1748 1201//1201
f 1425//1425 1426//1426 1202//1202
f 1222//1222 1213//1213 1223//1223
f 1205//1205 1746//1746 1203//1203
f 1206//1206 1427//1427 1204//1204
f 1208//1208 1564//1564 1565//1565
f 1221//1221 1220//1220 1210//1210
f 1191//1191 1755//1755 1229//1229
f 1228//1228 1219//1219 1229//1229
f 1745//1745 1746//1746 1402//1402
f 1428//1428 1427//1427 1212//1212
f 1213//1213 1212//1212 1214//1214
f 1214//1214 1206//1206 1215//1215
f 1424//1424 1425//1425 1216//1216
f 1216//1216 1202//1202 1217//1217
f 1217//1217 1200//1200 1218//1218
f 1350//1350 1209//1209 1219//1219
f 1219//1219 1196//1196 1220//1220
f 1221//1221 1191//1191 1220//1220
f 1387//1387 1388//1388 1267//1267
f 1631//1631 1632//1632 1232//1232
f 1414//1414 1413//1413 1270//1270
f 1401//1401 1644//1644 1526//1526
f 1201//1201 1542//1542 1236//1236
f 1281//1281 1280//1280 1239//1239
f 1280//1280 1279//1279 1238//1238
f 1399//1399 1400//1400 1242//1242
f 1347//1347 1348//1348 1245//1245
f 1189//1189 1401//1401 1529//1529
f 1405//1405 1404//1404 1240//1240
f 1392//1392 1393//1393 1262//1262
f 1346//1346 1347//1347 1243//1243
f 1345//1345 1346//1346 1249//1249
f 1406//1406 1405//1405 1241//1241
f 1397//1397 1398//1398 1251//1251
f 1344//1344 1345//1345 1252//1252
f 1407//1407 1406//1406 1246//1246
f 1282//1282 1281//1281 1253//1253
f 1398//1398 1399//1399 1247//1247
f 1284//1284 1283//1283 1254//1254
f 1396//1396 1397//1397 1256//1256
f 1343//1343 1344//1344 1257//1257
f 1408//1408 1407//1407 1250//1250
f 1283//1283 1282//1282 1248//1248
f 1285//1285 1284//1284 1258//1258
f 1395//1395 1396//1396 1260//1260
f 1342//1342 1343//1343 1261//1261
f 1409//1409 1408//1408 1255//1255
f 1339//1339 1340//1340 1263//1263
f 1340//1340 1341//1341 1269//1269
f 1411//1411 1410//1410 1273//1273
f 1286//1286 1285//1285 1272//1272
f 1289//1289 1288//1288 1266//1266
f 1412//1412 1411//1411 1265//1265
f 1394//1394 1395//1395 1276//1276
f 1391//1391 1392//1392 1274//1274
f 1338//1338 1339//1339 1267//1267
f 1287//1287 1286//1286 1264//1264
f 1341//1341 1342//1342 1277//1277
f 1413//1413 1412//1412 1275//1275
f 1288//1288 1287//1287 1271//1271
f 1393//1393 1394//1394 1268//1268
f 1410//1410 1409//1409 1259//1259
f 1634//1634 1635//1635 1279//1279
f 1280//1280 1304//1304 1279//1279
f 1281//1281 1305//1305 1280//1280
f 1282//1282 1306//1306 1281//1281
f 1283//1283 1307//1307 1282//1282
f 1284//1284 1308//1308 1283//1283
f 1285//1285 1309//1309 1284//1284
f 1286//1286 1310//1310 1285//1285
f 1287//1287 1311//1311 1286//1286
f 1288//1288 1312//1312 1287//1287
f 1289//1289 1313//1313 1288//1288
f 1390//1390 1391//1391 1290//1290
f 1290//1290 1274//1274 1291//1291
f 1291//1291 1262//1262 1292//1292
f 1292//1292 1268//1268 1293//1293
f 1293//1293 1276//1276 1294//1294
f 1294//1294 1260//1260 1295//1295
f 1295//1295 1256//1256 1296//1296
f 1296//1296 1251//1251 1297//1297
f 1297//1297 1247//1247 1298//1298
f 1298//1298 1242//1242 1299//1299
f 1299//1299 1244//1244 1300//1300
f 1538//1538 1537//1537 1205//1205
f 1633//1633 1634//1634 1303//1303
f 1304//1304 1328//1328 1303//1303
f 1305//1305 1329//1329 1304//1304
f 1306//1306 1330//1330 1305//1305
f 1307//1307 1331//1331 1306//1306
f 1308//1308 1332//1332 1307//1307
f 1309//1309 1333//1333 1308//1308
f 1310//1310 1334//1334 1309//1309
f 1311//1311 1335//1335 1310//1310
f 1312//1312 1336//1336 1311//1311
f 1313//1313 1337//1337 1312//1312
f 1389//1389 1390//1390 1314//1314
f 1314//1314 1290//1290 1315//1315
f 1315//1315 1291//1291 1316//1316
f 1316//1316 1292//1292 1317//1317
f 1317//1317 1293//1293 1318//1318
f 1318//1318 1294//1294 1319//1319
f 1319//1319 1295//1295 1320//1320
f 1320//1320 1296//1296 1321//1321
f 1321//1321 1297//1297 1322//1322
f 1322//1322 1298//1298 1323//1323
f 1323//1323 1299//1299 1324//1324
f 1539//1539 1538//1538 1203//1203
f 1632//1632 1633//1633 1327//1327
f 1328//1328 1240//1240 1327//1327
f 1329//1329 1241//1241 1328//1328
f 1330//1330 1246//1246 1329//1329
f 1331//1331 1250//1250 1330//1330
f 1332//1332 1255//1255 1331//1331
f 1333//1333 1259//1259 1332//1332
f 1334//1334 1273//1273 1333//1333
f 1335//1335 1265//1265 1334//1334
f 1336//1336 1275//1275 1335//1335
f 1337//1337 1270//1270 1336//1336
f 1388//1388 1389//1389 1338//1338
f 1338//1338 1314//1314 1339//1339
f 1339//1339 1315//1315 1340//1340
f 1340//1340 1316//1316 1341//1341
f 1341//1341 1317//1317 1342//1342
f 1342//1342 1318//1318 1343//1343
f 1343//1343 1319//1319 1344//1344
f 1344//1344 1320//1320 1345//1345
f 1345//1345 1321//1321 1346//1346
f 1346//1346 1322//1322 1347//1347
f 1347//1347 1323//1323 1348//1348
f 1540//1540 1539//1539 1236//1236
f 1629//1629 1630//1630 1351//1351
f 1352//1352 1378//1378 1351//1351
f 1353//1353 1379//1379 1352//1352
f 1354//1354 1380//1380 1353//1353
f 1355//1355 1381//1381 1354//1354
f 1356//1356 1382//1382 1355//1355
f 1357//1357 1383//1383 1356//1356
f 1358//1358 1384//1384 1357//1357
f 1359//1359 1385//1385 1358//1358
f 1360//1360 1386//1386 1359//1359
f 1361//1361 1387//1387 1360//1360
f 1363//1363 1185//1185 1362//1362
f 1362//1362 1189//1189 1365//1365
f 1364//1364 1187//1187 1363//1363
f 1366//1366 1512//1512 1364//1364
f 1365//1365 1516//1516 1367//1367
f 1368//1368 1494//1494 1366//1366
f 1367//1367 1498//1498 1369//1369
f 1370//1370 1476//1476 1368//1368
f 1369//1369 1480//1480 1371//1371
f 1372//1372 1458//1458 1370//1370
f 1371//1371 1462//1462 1373//1373
f 1374//1374 1440//1440 1372//1372
f 1373//1373 1444//1444 1611//1611
f 1185//1185 1187//1187 1375//1375
f 1557//1557 1556//1556 1207//1207
f 1628//1628 1629//1629 1377//1377
f 1378//1378 1245//1245 1377//1377
f 1379//1379 1243//1243 1378//1378
f 1380//1380 1249//1249 1379//1379
f 1381//1381 1252//1252 1380//1380
f 1382//1382 1257//1257 1381//1381
f 1383//1383 1261//1261 1382//1382
f 1384//1384 1277//1277 1383//1383
f 1385//1385 1269//1269 1384//1384
f 1386//1386 1263//1263 1385//1385
f 1387//1387 1267//1267 1386//1386
f 1595//1595 1302//1302 1374//1374
f 1611//1611 1400//1400 1610//1610
f 1610//1610 1399//1399 1609//1609
f 1609//1609 1398//1398 1608//1608
f 1608//1608 1397//1397 1607//1607
f 1607//1607 1396//1396 1606//1606
f 1606//1606 1395//1395 1605//1605
f 1605//1605 1394//1394 1604//1604
f 1604//1604 1393//1393 1603//1603
f 1603//1603 1392//1392 1602//1602
f 1602//1602 1391//1391 1601//1601
f 1601//1601 1390//1390 1600//1600
f 1600//1600 1389//1389 1599//1599
f 1189//1189 1185//1185 1401//1401
f 1558//1558 1557//1557 1535//1535
f 1630//1630 1631//1631 1404//1404
f 1405//1405 1352//1352 1404//1404
f 1406//1406 1353//1353 1405//1405
f 1407//1407 1354//1354 1406//1406
f 1408//1408 1355//1355 1407//1407
f 1409//1409 1356//1356 1408//1408
f 1410//1410 1357//1357 1409//1409
f 1411//1411 1358//1358 1410//1410
f 1412//1412 1359//1359 1411//1411
f 1413//1413 1360//1360 1412//1412
f 1414//1414 1361//1361 1413//1413
f 1414//1414 1270//1270 1415//1415
f 1415//1415 1337//1337 1416//1416
f 1416//1416 1313//1313 1417//1417
f 1417//1417 1289//1289 1418//1418
f 1418//1418 1266//1266 1419//1419
f 1419//1419 1271//1271 1420//1420
f 1420//1420 1264//1264 1421//1421
f 1421//1421 1272//1272 1325//1325
f 1325//1325 1258//1258 1301//1301
f 1301//1301 1254//1254 1237//1237
f 1237//1237 1248//1248 1235//1235
f 1235//1235 1253//1253 1278//1278
f 1278//1278 1239//1239 1302//1302
f 1187//1187 1528//1528 1403//1403
f 1748//1748 1747//1747 1423//1423
f 1423//1423 1224//1224 1424//1424
f 1424//1424 1215//1215 1425//1425
f 1430//1430 1563//1563 1208//1208
f 1752//1752 1751//1751 1211//1211
f 1211//1211 1227//1227 1350//1350
f 1350//1350 1218//1218 1209//1209
f 1209//1209 1198//1198 1422//1422
f 1349//1349 1210//1210 1326//1326
f 1590//1590 1562//1562 1430//1430
f 1431//1431 1210//1210 1441//1441
f 1434//1434 1221//1221 1431//1431
f 1429//1429 1191//1191 1434//1434
f 1756//1756 1755//1755 1429//1429
f 1744//1744 1745//1745 1445//1445
f 1433//1433 1213//1213 1435//1435
f 1432//1432 1212//1212 1433//1433
f 1446//1446 1428//1428 1432//1432
f 1589//1589 1561//1561 1590//1590
f 1650//1650 1651//1651 1436//1436
f 1436//1436 1231//1231 1439//1439
f 1439//1439 1244//1244 1444//1444
f 1599//1599 1388//1388 1598//1598
f 1598//1598 1387//1387 1597//1597
f 1438//1438 1238//1238 1437//1437
f 1440//1440 1302//1302 1438//1438
f 1550//1550 1549//1549 1443//1443
f 1588//1588 1560//1560 1589//1589
f 1449//1449 1431//1431 1459//1459
f 1452//1452 1434//1434 1449//1449
f 1447//1447 1429//1429 1452//1452
f 1757//1757 1756//1756 1447//1447
f 1743//1743 1744//1744 1463//1463
f 1451//1451 1433//1433 1453//1453
f 1450//1450 1432//1432 1451//1451
f 1464//1464 1446//1446 1450//1450
f 1587//1587 1559//1559 1588//1588
f 1649//1649 1650//1650 1454//1454
f 1454//1454 1436//1436 1457//1457
f 1457//1457 1439//1439 1462//1462
f 1593//1593 1278//1278 1595//1595
f 1591//1591 1235//1235 1593//1593
f 1456//1456 1438//1438 1455//1455
f 1458//1458 1440//1440 1456//1456
f 1551//1551 1550//1550 1461//1461
f 1477//1477 1459//1459 1466//1466
f 1467//1467 1449//1449 1477//1477
f 1470//1470 1452//1452 1467//1467
f 1465//1465 1447//1447 1470//1470
f 1758//1758 1757//1757 1465//1465
f 1742//1742 1743//1743 1481//1481
f 1469//1469 1451//1451 1471//1471
f 1468//1468 1450//1450 1469//1469
f 1482//1482 1464//1464 1468//1468
f 1466//1466 1448//1448 1482//1482
f 1648//1648 1649//1649 1472//1472
f 1472//1472 1454//1454 1475//1475
f 1475//1475 1457//1457 1480//1480
f 1592//1592 1237//1237 1591//1591
f 1594//1594 1301//1301 1592//1592
f 1474//1474 1456//1456 1473//1473
f 1476//1476 1458//1458 1474//1474
f 1552//1552 1551//1551 1479//1479
f 1495//1495 1477//1477 1484//1484
f 1485//1485 1467//1467 1495//1495
f 1488//1488 1470//1470 1485//1485
f 1483//1483 1465//1465 1488//1488
f 1759//1759 1758//1758 1483//1483
f 1741//1741 1742//1742 1499//1499
f 1487//1487 1469//1469 1489//1489
f 1486//1486 1468//1468 1487//1487
f 1500//1500 1482//1482 1486//1486
f 1484//1484 1466//1466 1500//1500
f 1647//1647 1648//1648 1490//1490
f 1490//1490 1472//1472 1493//1493
f 1493//1493 1475//1475 1498//1498
f 1596//1596 1325//1325 1594//1594
f 1442//1442 1421//1421 1596//1596
f 1492//1492 1474//1474 1491//1491
f 1494//1494 1476//1476 1492//1492
f 1553//1553 1552//1552 1497//1497
f 1513//1513 1495//1495 1502//1502
f 1503//1503 1485//1485 1513//1513
f 1506//1506 1488//1488 1503//1503
f 1501//1501 1483//1483 1506//1506
f 1760//1760 1759//1759 1501//1501
f 1740//1740 1741//1741 1517//1517
f 1505//1505 1487//1487 1507//1507
f 1504//1504 1486//1486 1505//1505
f 1518//1518 1500//1500 1504//1504
f 1502//1502 1484//1484 1518//1518
f 1646//1646 1647//1647 1508//1508
f 1508//1508 1490//1490 1511//1511
f 1511//1511 1493//1493 1516//1516
f 1460//1460 1420//1420 1442//1442
f 1478//1478 1419//1419 1460//1460
f 1510//1510 1492//1492 1509//1509
f 1512//1512 1494//1494 1510//1510
f 1554//1554 1553//1553 1515//1515
f 1531//1531 1513//1513 1520//1520
f 1521//1521 1503//1503 1531//1531
f 1524//1524 1506//1506 1521//1521
f 1519//1519 1501//1501 1524//1524
f 1761//1761 1760//1760 1519//1519
f 1739//1739 1740//1740 1535//1535
f 1523//1523 1505//1505 1525//1525
f 1522//1522 1504//1504 1523//1523
f 1536//1536 1518//1518 1522//1522
f 1520//1520 1502//1502 1536//1536
f 1645//1645 1646//1646 1526//1526
f 1526//1526 1508//1508 1529//1529
f 1529//1529 1511//1511 1189//1189
f 1496//1496 1418//1418 1478//1478
f 1514//1514 1417//1417 1496//1496
f 1528//1528 1510//1510 1527//1527
f 1187//1187 1512//1512 1528//1528
f 1555//1555 1554//1554 1533//1533
f 1538//1538 1566//1566 1537//1537
f 1539//1539 1567//1567 1538//1538
f 1540//1540 1568//1568 1539//1539
f 1541//1541 1569//1569 1540//1540
f 1542//1542 1570//1570 1541//1541
f 1542//1542 1201//1201 1543//1543
f 1543//1543 1199//1199 1544//1544
f 1544//1544 1197//1197 1545//1545
f 1546//1546 1234//1234 1547//1547
f 1547//1547 1195//1195 1548//1548
f 1548//1548 1193//1193 1549//1549
f 1550//1550 1578//1578 1549//1549
f 1618//1618 1619//1619 1555//1555
f 1617//1617 1618//1618 1583//1583
f 1583//1583 1582//1582 1617//1617
f 1619//1619 1620//1620 1554//1554
f 1582//1582 1581//1581 1616//1616
f 1556//1556 1584//1584 1555//1555
f 1557//1557 1585//1585 1556//1556
f 1558//1558 1586//1586 1557//1557
f 1559//1559 1535//1535 1560//1560
f 1560//1560 1517//1517 1561//1561
f 1561//1561 1499//1499 1562//1562
f 1562//1562 1481//1481 1563//1563
f 1563//1563 1463//1463 1564//1564
f 1564//1564 1445//1445 1537//1537
f 1566//1566 1624//1624 1565//1565
f 1567//1567 1625//1625 1566//1566
f 1568//1568 1626//1626 1567//1567
f 1569//1569 1627//1627 1568//1568
f 1570//1570 1628//1628 1569//1569
f 1570//1570 1542//1542 1571//1571
f 1571//1571 1543//1543 1572//1572
f 1572//1572 1544//1544 1573//1573
f 1573//1573 1545//1545 1574//1574
f 1574//1574 1546//1546 1575//1575
f 1575//1575 1547//1547 1576//1576
f 1576//1576 1548//1548 1577//1577
f 1578//1578 1636//1636 1577//1577
f 1579//1579 1637//1637 1578//1578
f 1580//1580 1638//1638 1579//1579
f 1624//1624 1300//1300 1651//1651
f 1582//1582 1640//1640 1581//1581
f 1583//1583 1641//1641 1582//1582
f 1584//1584 1642//1642 1583//1583
f 1585//1585 1643//1643 1584//1584
f 1586//1586 1644//1644 1585//1585
f 1586//1586 1558//1558 1587//1587
f 1530//1530 1414//1414 1534//1534
f 1597//1597 1361//1361 1530//1530
f 1534//1534 1415//1415 1532//1532
f 1532//1532 1416//1416 1514//1514
f 1578//1578 1550//1550 1612//1612
f 1579//1579 1578//1578 1613//1613
f 1622//1622 1623//1623 1551//1551
f 1580//1580 1579//1579 1614//1614
f 1621//1621 1622//1622 1552//1552
f 1650//1650 1208//1208 1651//1651
f 1625//1625 1324//1324 1624//1624
f 1626//1626 1348//1348 1625//1625
f 1627//1627 1230//1230 1626//1626
f 1628//1628 1377//1377 1627//1627
f 1628//1628 1570//1570 1629//1629
f 1629//1629 1571//1571 1630//1630
f 1630//1630 1572//1572 1631//1631
f 1631//1631 1573//1573 1632//1632
f 1632//1632 1574//1574 1633//1633
f 1633//1633 1575//1575 1634//1634
f 1634//1634 1576//1576 1635//1635
f 1636//1636 1437//1437 1635//1635
f 1455//1455 1437//1437 1637//1637
f 1473//1473 1455//1455 1638//1638
f 1491//1491 1473//1473 1639//1639
f 1509//1509 1491//1491 1640//1640
f 1527//1527 1509//1509 1641//1641
f 1403//1403 1527//1527 1642//1642
f 1375//1375 1403//1403 1643//1643
f 1401//1401 1375//1375 1644//1644
f 1586//1586 1587//1587 1644//1644
f 1587//1587 1588//1588 1645//1645
f 1588//1588 1589//1589 1646//1646
f 1589//1589 1590//1590 1647//1647
f 1648//1648 1590//1590 1649//1649
f 1649//1649 1430//1430 1650//1650
f 1656//1656 1691//1691 1657//1657
f 1668//1668 1667//1667 1652//1652
f 1667//1667 1666//1666 1653//1653
f 1666//1666 1665//1665 1681//1681
f 1665//1665 1664//1664 1680//1680
f 1664//1664 1663//1663 1679//1679
f 1658//1658 1689//1689 1659//1659
f 1659//1659 1688//1688 1674//1674
f 1686//1686 1673//1673 1687//1687
f 1657//1657 1690//1690 1658//1658
f 1685//1685 1672//1672 1686//1686
f 1674//1674 1675//1675 1659//1659
f 1675//1675 1676//1676 1660//1660
f 1676//1676 1677//1677 1661//1661
f 1694//1694 1695//1695 1669//1669
f 1695//1695 1696//1696 1670//1670
f 1697//1697 1698//1698 1672//1672
f 1698//1698 1699//1699 1673//1673
f 1699//1699 1700//1700 1674//1674
f 1700//1700 1701//1701 1675//1675
f 1701//1701 1702//1702 1676//1676
f 1663//1663 1662//1662 1678//1678
f 1693//1693 1654//1654 1682//1682
f 1682//1682 1669//1669 1683//1683
f 1654//1654 1693//1693 1655//1655
f 1683//1683 1670//1670 1684//1684
f 1655//1655 1692//1692 1656//1656
f 1703//1703 1678//1678 1702//1702
f 1704//1704 1679//1679 1703//1703
f 1705//1705 1680//1680 1704//1704
f 1706//1706 1681//1681 1705//1705
f 1653//1653 1681//1681 1707//1707
f 1652//1652 1653//1653 1708//1708
f 1711//1711 1709//1709 1712//1712
f 1661//1661 1557//1557 1662//1662
f 1656//1656 1552//1552 1657//1657
f 1621//1621 1620//1620 1691//1691
f 1208//1208 1564//1564 1652//1652
f 1667//1667 1563//1563 1668//1668
f 1616//1616 1615//1615 1686//1686
f 1615//1615 1581//1581 1685//1685
f 1657//1657 1553//1553 1658//1658
f 1620//1620 1619//1619 1690//1690
f 1660//1660 1556//1556 1661//1661
f 1659//1659 1555//1555 1556//1556
f 1702//1702 1644//1644 1701//1701
f 1696//1696 1638//1638 1695//1695
f 1638//1638 1580//1580 1696//1696
f 1578//1578 1636//1636 1669//1669
f 1695//1695 1637//1637 1694//1694
f 1665//1665 1561//1561 1666//1666
f 1664//1664 1560//1560 1665//1665
f 1701//1701 1643//1643 1700//1700
f 1700//1700 1642//1642 1699//1699
f 1699//1699 1641//1641 1698//1698
f 1581//1581 1639//1639 1672//1672
f 1698//1698 1640//1640 1697//1697
f 1658//1658 1554//1554 1659//1659
f 1619//1619 1618//1618 1689//1689
f 1666//1666 1562//1562 1667//1667
f 1618//1618 1617//1617 1688//1688
f 1617//1617 1616//1616 1687//1687
f 1663//1663 1559//1559 1664//1664
f 1662//1662 1558//1558 1663//1663
f 1612//1612 1623//1623 1682//1682
f 1550//1550 1578//1578 1654//1654
f 1613//1613 1612//1612 1683//1683
f 1654//1654 1550//1550 1655//1655
f 1623//1623 1622//1622 1693//1693
f 1614//1614 1613//1613 1684//1684
f 1580//1580 1614//1614 1671//1671
f 1655//1655 1551//1551 1656//1656
f 1622//1622 1621//1621 1692//1692
f 1703//1703 1645//1645 1702//1702
f 1704//1704 1646//1646 1703//1703
f 1705//1705 1647//1647 1704//1704
f 1706//1706 1648//1648 1705//1705
f 1707//1707 1649//1649 1706//1706
f 1714//1714 1627//1627 1717//1717
f 1639//1639 1638//1638 1712//1712
f 1638//1638 1473//1473 1711//1711
f 1710//1710 1491//1491 1709//1709
f 1491//1491 1639//1639 1710//1710
f 1726//1726 1668//1668 1731//1731
f 1723//1723 1726//1726 1716//1716
f 1716//1716 1727//1727 1715//1715
f 1715//1715 1728//1728 1719//1719
f 1718//1718 1713//1713 1724//1724
f 1731//1731 1732//1732 1726//1726
f 1732//1732 1733//1733 1727//1727
f 1733//1733 1734//1734 1728//1728
f 1734//1734 1735//1735 1729//1729
f 1723//1723 1725//1725 1726//1726
f 1713//1713 1736//1736 1731//1731
f 1736//1736 1737//1737 1732//1732
f 1737//1737 1738//1738 1733//1733
f 1738//1738 1714//1714 1734//1734
f 1718//1718 1720//1720 1713//1713
f 1731//1731 1652//1652 1713//1713
f 1720//1720 1721//1721 1736//1736
f 1721//1721 1722//1722 1737//1737
f 1722//1722 1717//1717 1738//1738
f 1564//1564 1208//1208 1668//1668
f 1719//1719 1236//1236 1730//1730
f 1723//1723 1402//1402 1716//1716
f 1716//1716 1205//1205 1715//1715
f 1715//1715 1203//1203 1719//1719
f 1720//1720 1300//1300 1718//1718
f 1718//1718 1231//1231 1724//1724
f 1724//1724 1436//1436 1708//1708
f 1730//1730 1541//1541 1735//1735
f 1725//1725 1445//1445 1723//1723
f 1668//1668 1564//1564 1725//1725
f 1735//1735 1569//1569 1714//1714
f 1208//1208 1650//1650 1652//1652
f 1721//1721 1324//1324 1720//1720
f 1722//1722 1348//1348 1721//1721
f 1717//1717 1230//1230 1722//1722
f 1739//1739 1525//1525 1740//1740
f 1740//1740 1507//1507 1741//1741
f 1741//1741 1489//1489 1742//1742
f 1742//1742 1471//1471 1743//1743
f 1743//1743 1453//1453 1744//1744
f 1744//1744 1435//1435 1745//1745
f 1745//1745 1222//1222 1746//1746
f 1746//1746 1223//1223 1747//1747
f 1748//1748 1236//1236 1747//1747
f 1748//1748 1423//1423 1749//1749
f 1749//1749 1225//1225 1750//1750
f 1750//1750 1226//1226 1751//1751
f 1752//1752 1234//1234 1751//1751
f 1752//1752 1211//1211 1753//1753
f 1753//1753 1228//1228 1754//1754
f 1755//1755 1376//1376 1754//1754
f 1756//1756 1443//1443 1755//1755
f 1757//1757 1461//1461 1756//1756
f 1758//1758 1479//1479 1757//1757
f 1759//1759 1497//1497 1758//1758
f 1760//1760 1515//1515 1759//1759
f 1761//1761 1533//1533 1760//1760
f 1127//1127 1113//1113 1114//1114
f 1115//1115 1121//1121 1114//1114
f 1129//1129 1128//1128 1125//1125
f 1524//1524 1521//1521 1531//1531
f 1519//1519 1524//1524 1523//1523
f 1761//1761 1519//1519 1525//1525
f 1761//1761 1739//1739 1207//1207
f 1739//1739 1535//1535 1207//1207
f 1536//1536 1522//1522 1523//1523
f 1523//1523 1524//1524 1520//1520
f 1650//1650 1708//1708 1707//1707
f 1128//1128 1127//1127 1114//1114
f 1525//1525 1519//1519 1523//1523
f 1739//1739 1761//1761 1525//1525
f 1533//1533 1761//1761 1207//1207
f 1536//1536 1523//1523 1520//1520
f 1649//1649 1650//1650 1707//1707
f 1117//1117 1112//1112 1114//1114
f 1117//1117 1114//1114 1120//1120
f 1112//1112 1124//1124 1128//1128
f 1652//1652 1708//1708 1208//1208
f 1803//1803 1795//1795 1794//1794
f 1783//1783 1778//1778 1762//1762
f 1776//1776 1773//1773 1770//1770
f 1784//1784 1781//1781 1778//1778
f 1780//1780 1785//1785 1772//1772
f 1774//1774 1771//1771 1782//1782
f 1788//1788 1777//1777 1772//1772
f 1792//1792 1771//1771 1774//1774
f 1767//1767 1785//1785 1780//1780
f 1763//1763 1779//1779 1782//1782
f 1786//1786 1789//1789 1788//1788
f 1773//1773 1776//1776 1789//1789
f 1790//1790 1793//1793 1792//1792
f 1775//1775 1770//1770 1793//1793
f 1769//1769 1766//1766 1767//1767
f 1781//1781 1784//1784 1766//1766
f 1765//1765 1762//1762 1763//1763
f 1784//1784 1804//1804 1803//1803
f 1766//1766 1796//1796 1804//1804
f 1767//1767 1797//1797 1796//1796
f 1785//1785 1767//1767 1797//1797
f 1772//1772 1785//1785 1805//1805
f 1787//1787 1772//1772 1800//1800
f 1786//1786 1787//1787 1807//1807
f 1773//1773 1786//1786 1806//1806
f 1770//1770 1773//1773 1801//1801
f 1793//1793 1770//1770 1798//1798
f 1792//1792 1793//1793 1809//1809
f 1771//1771 1792//1792 1808//1808
f 1782//1782 1771//1771 1799//1799
f 1764//1764 1782//1782 1802//1802
f 1765//1765 1795//1795 1794//1794
f 1783//1783 1803//1803 1795//1795
f 1815//1815 1814//1814 1820//1820
f 1812//1812 1815//1815 1821//1821
f 1813//1813 1812//1812 1818//1818
f 1811//1811 1810//1810 1816//1816
f 1814//1814 1811//1811 1817//1817
f 1784//1784 1783//1783 1814//1814
f 1803//1803 1820//1820 1821//1821
f 1766//1766 1784//1784 1815//1815
f 1804//1804 1821//1821 1818//1818
f 1767//1767 1766//1766 1812//1812
f 1797//1797 1767//1767 1813//1813
f 1796//1796 1818//1818 1819//1819
f 1764//1764 1794//1794 1816//1816
f 1765//1765 1764//1764 1810//1810
f 1794//1794 1816//1816 1817//1817
f 1783//1783 1765//1765 1811//1811
f 1795//1795 1817//1817 1820//1820
f 1826//1826 1827//1827 1833//1833
f 1827//1827 1824//1824 1830//1830
f 1824//1824 1825//1825 1831//1831
f 1822//1822 1823//1823 1829//1829
f 1823//1823 1826//1826 1832//1832
f 1803//1803 1804//1804 1827//1827
f 1821//1821 1833//1833 1832//1832
f 1804//1804 1796//1796 1824//1824
f 1818//1818 1830//1830 1833//1833
f 1797//1797 1819//1819 1831//1831
f 1796//1796 1797//1797 1825//1825
f 1819//1819 1831//1831 1830//1830
f 1794//1794 1795//1795 1823//1823
f 1816//1816 1794//1794 1822//1822
f 1817//1817 1829//1829 1828//1828
f 1795//1795 1803//1803 1826//1826
f 1820//1820 1832//1832 1829//1829
f 1839//1839 1838//1838 1844//1844
f 1836//1836 1839//1839 1845//1845
f 1837//1837 1836//1836 1842//1842
f 1835//1835 1834//1834 1840//1840
f 1838//1838 1835//1835 1841//1841
f 1821//1821 1820//1820 1838//1838
f 1832//1832 1833//1833 1845//1845
f 1818//1818 1821//1821 1839//1839
f 1833//1833 1830//1830 1842//1842
f 1819//1819 1818//1818 1836//1836
f 1831//1831 1819//1819 1837//1837
f 1830//1830 1831//1831 1843//1843
f 1816//1816 1828//1828 1840//1840
f 1817//1817 1816//1816 1834//1834
f 1828//1828 1829//1829 1841//1841
f 1820//1820 1817//1817 1835//1835
f 1829//1829 1832//1832 1844//1844
f 1765//1765 1783//1783 1762//1762
f 1775//1775 1776//1776 1770//1770
f 1783//1783 1784//1784 1778//1778
f 1777//1777 1780//1780 1772//1772
f 1779//1779 1774//1774 1782//1782
f 1787//1787 1788//1788 1772//1772
f 1791//1791 1792//1792 1774//1774
f 1768//1768 1767//1767 1780//1780
f 1764//1764 1763//1763 1782//1782
f 1787//1787 1786//1786 1788//1788
f 1786//1786 1773//1773 1789//1789
f 1791//1791 1790//1790 1792//1792
f 1790//1790 1775//1775 1793//1793
f 1768//1768 1769//1769 1767//1767
f 1769//1769 1781//1781 1766//1766
f 1764//1764 1765//1765 1763//1763
f 1783//1783 1784//1784 1803//1803
f 1784//1784 1766//1766 1804//1804
f 1766//1766 1767//1767 1796//1796
f 1805//1805 1785//1785 1797//1797
f 1800//1800 1772//1772 1805//1805
f 1807//1807 1787//1787 1800//1800
f 1806//1806 1786//1786 1807//1807
f 1801//1801 1773//1773 1806//1806
f 1798//1798 1770//1770 1801//1801
f 1809//1809 1793//1793 1798//1798
f 1808//1808 1792//1792 1809//1809
f 1799//1799 1771//1771 1808//1808
f 1802//1802 1782//1782 1799//1799
f 1794//1794 1764//1764 1802//1802
f 1764//1764 1765//1765 1794//1794
f 1765//1765 1783//1783 1795//1795
f 1821//1821 1815//1815 1820//1820
f 1818//1818 1812//1812 1821//1821
f 1819//1819 1813//1813 1818//1818
f 1817//1817 1811//1811 1816//1816
f 1820//1820 1814//1814 1817//1817
f 1815//1815 1784//1784 1814//1814
f 1804//1804 1803//1803 1821//1821
f 1812//1812 1766//1766 1815//1815
f 1796//1796 1804//1804 1818//1818
f 1813//1813 1767//1767 1812//1812
f 1819//1819 1797//1797 1813//1813
f 1797//1797 1796//1796 1819//1819
f 1810//1810 1764//1764 1816//1816
f 1811//1811 1765//1765 1810//1810
f 1795//1795 1794//1794 1817//1817
f 1814//1814 1783//1783 1811//1811
f 1803//1803 1795//1795 1820//1820
f 1832//1832 1826//1826 1833//1833
f 1833//1833 1827//1827 1830//1830
f 1830//1830 1824//1824 1831//1831
f 1828//1828 1822//1822 1829//1829
f 1829//1829 1823//1823 1832//1832
f 1826//1826 1803//1803 1827//1827
f 1820//1820 1821//1821 1832//1832
f 1827//1827 1804//1804 1824//1824
f 1821//1821 1818//1818 1833//1833
f 1825//1825 1797//1797 1831//1831
f 1824//1824 1796//1796 1825//1825
f 1818//1818 1819//1819 1830//1830
f 1822//1822 1794//1794 1823//1823
f 1828//1828 1816//1816 1822//1822
f 1816//1816 1817//1817 1828//1828
f 1823//1823 1795//1795 1826//1826
f 1817//1817 1820//1820 1829//1829
f 1845//1845 1839//1839 1844//1844
f 1842//1842 1836//1836 1845//1845
f 1843//1843 1837//1837 1842//1842
f 1841//1841 1835//1835 1840//1840
f 1844//1844 1838//1838 1841//1841
f 1839//1839 1821//1821 1838//1838
f 1844//1844 1832//1832 1845//1845
f 1836//1836 1818//1818 1839//1839
f 1845//1845 1833//1833 1842//1842
f 1837//1837 1819//1819 1836//1836
f 1843//1843 1831//1831 1837//1837
f 1842//1842 1830//1830 1843//1843
f 1834//1834 1816//1816 1840//1840
f 1835//1835 1817//1817 1834//1834
f 1840//1840 1828//1828 1841//1841
f 1838//1838 1820//1820 1835//1835
f 1841//1841 1829//1829 1844//1844
f 1796//1796 1804//1804 1794//1794
f 1797//1797 1794//1794 1802//1802
f 1805//1805 1802//1802 1799//1799
f 1807//1807 1800//1800 1801//1801
f 1800//1800 1809//1809 1798//1798
f 1800//1800 1799//1799 1808//1808
f 1797//1797 1796//1796 1794//1794
f 1805//1805 1797//1797 1802//1802
f 1800//1800 1805//1805 1799//1799
f 1806//1806 1807//1807 1801//1801
f 1801//1801 1800//1800 1798//1798
f 1809//1809 1800//1800 1808//1808
f 1804//1804 1803//1803 1794//1794
f 1850//1850 1848//1848 1846//1846
f 1851//1851 1849//1849 1848//1848
f 1851//1851 1847//1847 1849//1849
f 1852//1852 1850//1850 1846//1846
f 1955//1955 1953//1953 1952//1952
f 1853//1853 1847//1847 1851//1851
f 1854//1854 1852//1852 1846//1846
f 1957//1957 1955//1955 1954//1954
f 1855//1855 1847//1847 1853//1853
f 1856//1856 1854//1854 1846//1846
f 1959//1959 1957//1957 1956//1956
f 1857//1857 1847//1847 1855//1855
f 1858//1858 1856//1856 1846//1846
f 1859//1859 1857//1857 1856//1856
f 1859//1859 1847//1847 1857//1857
f 1860//1860 1858//1858 1846//1846
f 1875//1875 1873//1873 1872//1872
f 1861//1861 1847//1847 1859//1859
f 1862//1862 1860//1860 1846//1846
f 1879//1879 1877//1877 1876//1876
f 1863//1863 1847//1847 1861//1861
f 1864//1864 1862//1862 1846//1846
f 1883//1883 1881//1881 1880//1880
f 1865//1865 1847//1847 1863//1863
f 1866//1866 1864//1864 1846//1846
f 1887//1887 1885//1885 1884//1884
f 1867//1867 1847//1847 1865//1865
f 1868//1868 1866//1866 1846//1846
f 1891//1891 1889//1889 1888//1888
f 1869//1869 1847//1847 1867//1867
f 1870//1870 1868//1868 1846//1846
f 1895//1895 1893//1893 1892//1892
f 1871//1871 1847//1847 1869//1869
f 1848//1848 1870//1870 1846//1846
f 1849//1849 1871//1871 1870//1870
f 1849//1849 1847//1847 1871//1871
f 1859//1859 1858//1858 1872//1872
f 1861//1861 1859//1859 1873//1873
f 1860//1860 1861//1861 1875//1875
f 1858//1858 1860//1860 1874//1874
f 1861//1861 1860//1860 1876//1876
f 1863//1863 1861//1861 1877//1877
f 1862//1862 1863//1863 1879//1879
f 1860//1860 1862//1862 1878//1878
f 1863//1863 1862//1862 1880//1880
f 1865//1865 1863//1863 1881//1881
f 1864//1864 1865//1865 1883//1883
f 1862//1862 1864//1864 1882//1882
f 1865//1865 1864//1864 1884//1884
f 1867//1867 1865//1865 1885//1885
f 1866//1866 1867//1867 1887//1887
f 1864//1864 1866//1866 1886//1886
f 1867//1867 1866//1866 1888//1888
f 1869//1869 1867//1867 1889//1889
f 1868//1868 1869//1869 1891//1891
f 1866//1866 1868//1868 1890//1890
f 1869//1869 1868//1868 1892//1892
f 1871//1871 1869//1869 1893//1893
f 1870//1870 1871//1871 1895//1895
f 1868//1868 1870//1870 1894//1894
f 1851//1851 1850//1850 1896//1896
f 1853//1853 1851//1851 1897//1897
f 1850//1850 1852//1852 1898//1898
f 1855//1855 1853//1853 1899//1899
f 1852//1852 1854//1854 1900//1900
f 1857//1857 1855//1855 1901//1901
f 1856//1856 1857//1857 1903//1903
f 1854//1854 1856//1856 1902//1902
f 1897//1897 1896//1896 1904//1904
f 1899//1899 1897//1897 1905//1905
f 1896//1896 1898//1898 1906//1906
f 1901//1901 1899//1899 1907//1907
f 1898//1898 1900//1900 1908//1908
f 1903//1903 1901//1901 1909//1909
f 1902//1902 1903//1903 1911//1911
f 1900//1900 1902//1902 1910//1910
f 1905//1905 1904//1904 1912//1912
f 1907//1907 1905//1905 1913//1913
f 1904//1904 1906//1906 1914//1914
f 1909//1909 1907//1907 1915//1915
f 1906//1906 1908//1908 1916//1916
f 1911//1911 1909//1909 1917//1917
f 1910//1910 1911//1911 1919//1919
f 1908//1908 1910//1910 1918//1918
f 1913//1913 1912//1912 1920//1920
f 1915//1915 1913//1913 1921//1921
f 1912//1912 1914//1914 1922//1922
f 1917//1917 1915//1915 1923//1923
f 1914//1914 1916//1916 1924//1924
f 1919//1919 1917//1917 1925//1925
f 1918//1918 1919//1919 1927//1927
f 1916//1916 1918//1918 1926//1926
f 1921//1921 1920//1920 1928//1928
f 1923//1923 1921//1921 1929//1929
f 1920//1920 1922//1922 1930//1930
f 1925//1925 1923//1923 1931//1931
f 1922//1922 1924//1924 1932//1932
f 1927//1927 1925//1925 1933//1933
f 1926//1926 1927//1927 1935//1935
f 1924//1924 1926//1926 1934//1934
f 1929//1929 1928//1928 1936//1936
f 1931//1931 1929//1929 1937//1937
f 1928//1928 1930//1930 1938//1938
f 1933//1933 1931//1931 1939//1939
f 1930//1930 1932//1932 1940//1940
f 1935//1935 1933//1933 1941//1941
f 1934//1934 1935//1935 1943//1943
f 1932//1932 1934//1934 1942//1942
f 1937//1937 1936//1936 1944//1944
f 1939//1939 1937//1937 1945//1945
f 1936//1936 1938//1938 1946//1946
f 1941//1941 1939//1939 1947//1947
f 1938//1938 1940//1940 1948//1948
f 1943//1943 1941//1941 1949//1949
f 1942//1942 1943//1943 1951//1951
f 1940//1940 1942//1942 1950//1950
f 1945//1945 1944//1944 1952//1952
f 1947//1947 1945//1945 1953//1953
f 1944//1944 1946//1946 1954//1954
f 1949//1949 1947//1947 1955//1955
f 1946//1946 1948//1948 1956//1956
f 1951//1951 1949//1949 1957//1957
f 1950//1950 1951//1951 1959//1959
f 1948//1948 1950//1950 1958//1958
f 1850//1850 1851//1851 1848//1848
f 1954//1954 1955//1955 1952//1952
f 1956//1956 1957//1957 1954//1954
f 1958//1958 1959//1959 1956//1956
f 1858//1858 1859//1859 1856//1856
f 1874//1874 1875//1875 1872//1872
f 1878//1878 1879//1879 1876//1876
f 1882//1882 1883//1883 1880//1880
f 1886//1886 1887//1887 1884//1884
f 1890//1890 1891//1891 1888//1888
f 1894//1894 1895//1895 1892//1892
f 1848//1848 1849//1849 1870//1870
f 1873//1873 1859//1859 1872//1872
f 1875//1875 1861//1861 1873//1873
f 1874//1874 1860//1860 1875//1875
f 1872//1872 1858//1858 1874//1874
f 1877//1877 1861//1861 1876//1876
f 1879//1879 1863//1863 1877//1877
f 1878//1878 1862//1862 1879//1879
f 1876//1876 1860//1860 1878//1878
f 1881//1881 1863//1863 1880//1880
f 1883//1883 1865//1865 1881//1881
f 1882//1882 1864//1864 1883//1883
f 1880//1880 1862//1862 1882//1882
f 1885//1885 1865//1865 1884//1884
f 1887//1887 1867//1867 1885//1885
f 1886//1886 1866//1866 1887//1887
f 1884//1884 1864//1864 1886//1886
f 1889//1889 1867//1867 1888//1888
f 1891//1891 1869//1869 1889//1889
f 1890//1890 1868//1868 1891//1891
f 1888//1888 1866//1866 1890//1890
f 1893//1893 1869//1869 1892//1892
f 1895//1895 1871//1871 1893//1893
f 1894//1894 1870//1870 1895//1895
f 1892//1892 1868//1868 1894//1894
f 1897//1897 1851//1851 1896//1896
f 1899//1899 1853//1853 1897//1897
f 1896//1896 1850//1850 1898//1898
f 1901//1901 1855//1855 1899//1899
f 1898//1898 1852//1852 1900//1900
f 1903//1903 1857//1857 1901//1901
f 1902//1902 1856//1856 1903//1903
f 1900//1900 1854//1854 1902//1902
f 1905//1905 1897//1897 1904//1904
f 1907//1907 1899//1899 1905//1905
f 1904//1904 1896//1896 1906//1906
f 1909//1909 1901//1901 1907//1907
f 1906//1906 1898//1898 1908//1908
f 1911//1911 1903//1903 1909//1909
f 1910//1910 1902//1902 1911//1911
f 1908//1908 1900//1900 1910//1910
f 1913//1913 1905//1905 1912//1912
f 1915//1915 1907//1907 1913//1913
f 1912//1912 1904//1904 1914//1914
f 1917//1917 1909//1909 1915//1915
f 1914//1914 1906//1906 1916//1916
f 1919//1919 1911//1911 1917//1917
f 1918//1918 1910//1910 1919//1919
f 1916//1916 1908//1908 1918//1918
f 1921//1921 1913//1913 1920//1920
f 1923//1923 1915//1915 1921//1921
f 1920//1920 1912//1912 1922//1922
f 1925//1925 1917//1917 1923//1923
f 1922//1922 1914//1914 1924//1924
f 1927//1927 1919//1919 1925//1925
f 1926//1926 1918//1918 1927//1927
f 1924//1924 1916//1916 1926//1926
f 1929//1929 1921//1921 1928//1928
f 1931//1931 1923//1923 1929//1929
f 1928//1928 1920//1920 1930//1930
f 1933//1933 1925//1925 1931//1931
f 1930//1930 1922//1922 1932//1932
f 1935//1935 1927//1927 1933//1933
f 1934//1934 1926//1926 1935//1935
f 1932//1932 1924//1924 1934//1934
f 1937//1937 1929//1929 1936//1936
f 1939//1939 1931//1931 1937//1937
f 1936//1936 1928//1928 1938//1938
f 1941//1941 1933//1933 1939//1939
f 1938//1938 1930//1930 1940//1940
f 1943//1943 1935//1935 1941//1941
f 1942//1942 1934//1934 1943//1943
f 1940//1940 1932//1932 1942//1942
f 1945//1945 1937//1937 1944//1944
f 1947//1947 1939//1939 1945//1945
f 1944//1944 1936//1936 1946//1946
f 1949//1949 1941//1941 1947//1947
f 1946//1946 1938//1938 1948//1948
f 1951//1951 1943//1943 1949//1949
f 1950//1950 1942//1942 1951//1951
f 1948//1948 1940//1940 1950//1950
f 1953//1953 1945//1945 1952//1952
f 1955//1955 1947//1947 1953//1953
f 1952//1952 1944//1944 1954//1954
f 1957//1957 1949//1949 1955//1955
f 1954//1954 1946//1946 1956//1956
f 1959//1959 1951//1951 1957//1957
f 1958//1958 1950//1950 1959//1959
f 1956//1956 1948//1948 1958//1958
f 2036//2036 2037//2037 2048//2048
f 1985//1985 2010//2010 1989//1989
f 2012//2012 2011//2011 1990//1990
f 1999//1999 2011//2011 2012//2012
f 2042//2042 2043//2043 2047//2047
f 1971//1971 1968//1968 1960//1960
f 1970//1970 1971//1971 1962//1962
f 1969//1969 1970//1970 1964//1964
f 1968//1968 1969//1969 1966//1966
f 1965//1965 1967//1967 1961//1961
f 1962//1962 1960//1960 1966//1966
f 1972//1972 1973//1973 1969//1969
f 1973//1973 1974//1974 1970//1970
f 1974//1974 1975//1975 1971//1971
f 1975//1975 1972//1972 1968//1968
f 1961//1961 1967//1967 1973//1973
f 1967//1967 1965//1965 1974//1974
f 1965//1965 1963//1963 1975//1975
f 1963//1963 1961//1961 1972//1972
f 2000//2000 2003//2003 1998//1998
f 2009//2009 2008//2008 2002//2002
f 1988//1988 1991//1991 1986//1986
f 1994//1994 1985//1985 1986//1986
f 1981//1981 1989//1989 1990//1990
f 1992//1992 1995//1995 1994//1994
f 1987//1987 1984//1984 1995//1995
f 1983//1983 1980//1980 1981//1981
f 1991//1991 1988//1988 1980//1980
f 2006//2006 1999//1999 1996//1996
f 1977//1977 2001//2001 2002//2002
f 2004//2004 2007//2007 2006//2006
f 1997//1997 1998//1998 2007//2007
f 1979//1979 1976//1976 1977//1977
f 2003//2003 2000//2000 1976//1976
f 1984//1984 1987//1987 2008//2008
f 1990//1990 2011//2011 2030//2030
f 1982//1982 1990//1990 2019//2019
f 1983//1983 1982//1982 2015//2015
f 1991//1991 1983//1983 2016//2016
f 1986//1986 1991//1991 2020//2020
f 1993//1993 1986//1986 2017//2017
f 1992//1992 1993//1993 2022//2022
f 1987//1987 1992//1992 2021//2021
f 2008//2008 1987//1987 2018//2018
f 2011//2011 1999//1999 2024//2024
f 2002//2002 2008//2008 2029//2029
f 1978//1978 2002//2002 2025//2025
f 1979//1979 1978//1978 2013//2013
f 2003//2003 1979//1979 2014//2014
f 1998//1998 2003//2003 2026//2026
f 2007//2007 1998//1998 2023//2023
f 2006//2006 2007//2007 2028//2028
f 1999//1999 2006//2006 2027//2027
f 2019//2019 2030//2030 2048//2048
f 2015//2015 2019//2019 2037//2037
f 2016//2016 2015//2015 2033//2033
f 2020//2020 2016//2016 2034//2034
f 2017//2017 2020//2020 2038//2038
f 2022//2022 2017//2017 2035//2035
f 2021//2021 2022//2022 2040//2040
f 2018//2018 2021//2021 2039//2039
f 2029//2029 2018//2018 2036//2036
f 2030//2030 2024//2024 2042//2042
f 2025//2025 2029//2029 2047//2047
f 2013//2013 2025//2025 2043//2043
f 2014//2014 2013//2013 2031//2031
f 2026//2026 2014//2014 2032//2032
f 2023//2023 2026//2026 2044//2044
f 2028//2028 2023//2023 2041//2041
f 2027//2027 2028//2028 2046//2046
f 2024//2024 2027//2027 2045//2045
f 1962//1962 1971//1971 1960//1960
f 1964//1964 1970//1970 1962//1962
f 1966//1966 1969//1969 1964//1964
f 1960//1960 1968//1968 1966//1966
f 1963//1963 1965//1965 1961//1961
f 1964//1964 1962//1962 1966//1966
f 1968//1968 1972//1972 1969//1969
f 1969//1969 1973//1973 1970//1970
f 1970//1970 1974//1974 1971//1971
f 1971//1971 1975//1975 1968//1968
f 1972//1972 1961//1961 1973//1973
f 1973//1973 1967//1967 1974//1974
f 1974//1974 1965//1965 1975//1975
f 1975//1975 1963//1963 1972//1972
f 1997//1997 2000//2000 1998//1998
f 2001//2001 2009//2009 2002//2002
f 1985//1985 1988//1988 1986//1986
f 1993//1993 1994//1994 1986//1986
f 1982//1982 1981//1981 1990//1990
f 1993//1993 1992//1992 1994//1994
f 1992//1992 1987//1987 1995//1995
f 1982//1982 1983//1983 1981//1981
f 1983//1983 1991//1991 1980//1980
f 2005//2005 2006//2006 1996//1996
f 1978//1978 1977//1977 2002//2002
f 2005//2005 2004//2004 2006//2006
f 2004//2004 1997//1997 2007//2007
f 1978//1978 1979//1979 1977//1977
f 1979//1979 2003//2003 1976//1976
f 2009//2009 1984//1984 2008//2008
f 2019//2019 1990//1990 2030//2030
f 2015//2015 1982//1982 2019//2019
f 2016//2016 1983//1983 2015//2015
f 2020//2020 1991//1991 2016//2016
f 2017//2017 1986//1986 2020//2020
f 2022//2022 1993//1993 2017//2017
f 2021//2021 1992//1992 2022//2022
f 2018//2018 1987//1987 2021//2021
f 2029//2029 2008//2008 2018//2018
f 2030//2030 2011//2011 2024//2024
f 2025//2025 2002//2002 2029//2029
f 2013//2013 1978//1978 2025//2025
f 2014//2014 1979//1979 2013//2013
f 2026//2026 2003//2003 2014//2014
f 2023//2023 1998//1998 2026//2026
f 2028//2028 2007//2007 2023//2023
f 2027//2027 2006//2006 2028//2028
f 2024//2024 1999//1999 2027//2027
f 2037//2037 2019//2019 2048//2048
f 2033//2033 2015//2015 2037//2037
f 2034//2034 2016//2016 2033//2033
f 2038//2038 2020//2020 2034//2034
f 2035//2035 2017//2017 2038//2038
f 2040//2040 2022//2022 2035//2035
f 2039//2039 2021//2021 2040//2040
f 2036//2036 2018//2018 2039//2039
f 2047//2047 2029//2029 2036//2036
f 2048//2048 2030//2030 2042//2042
f 2043//2043 2025//2025 2047//2047
f 2031//2031 2013//2013 2043//2043
f 2032//2032 2014//2014 2031//2031
f 2044//2044 2026//2026 2032//2032
f 2041//2041 2023//2023 2044//2044
f 2046//2046 2028//2028 2041//2041
f 2045//2045 2027//2027 2046//2046
f 2042//2042 2024//2024 2045//2045
f 2036//2036 2039//2039 2033//2033
f 2034//2034 2033//2033 2039//2039
f 2039//2039 2035//2035 2038//2038
f 2040//2040 2035//2035 2039//2039
f 2000//2000 1997//1997 1996//1996
f 2005//2005 1996//1996 1997//1997
f 2000//2000 2001//2001 1977//1977
f 2001//2001 2000//2000 2010//2010
f 1984//1984 2009//2009 2010//2010
f 1994//1994 1995//1995 2010//2010
f 1988//1988 1989//1989 1981//1981
f 2012//2012 1990//1990 1989//1989
f 1999//1999 2012//2012 2010//2010
f 2045//2045 2031//2031 2043//2043
f 2032//2032 2031//2031 2045//2045
f 2045//2045 2041//2041 2044//2044
f 2046//2046 2041//2041 2045//2045
f 2037//2037 2036//2036 2033//2033
f 2034//2034 2039//2039 2038//2038
f 2010//2010 2000//2000 1996//1996
f 2004//2004 2005//2005 1997//1997
f 1976//1976 2000//2000 1977//1977
f 2009//2009 2001//2001 2010//2010
f 1995//1995 1984//1984 2010//2010
f 1985//1985 1994//1994 2010//2010
f 1980//1980 1988//1988 1981//1981
f 2010//2010 2012//2012 1989//1989
f 1996//1996 1999//1999 2010//2010
f 2042//2042 2045//2045 2043//2043
f 2032//2032 2045//2045 2044//2044
f 2047//2047 2036//2036 2048//2048
f 1988//1988 1985//1985 1989//1989
f 2048//2048 2042//2042 2047//2047
